machine,partition,family,training_rows,training_prevalence,rows,positives,prevalence,average_precision,roc_auc,brier,log_loss,precision,recall,tp,fp,fn,tn,scorable_starts,detected_starts,start_detection_rate,mean_lead_steps,false_alert_episodes,alert_episodes,alert_rows,alert_row_fraction,unavailable
machine-1-1,validation,prevalence,14214.0,0.0,5671.0,40.0,0.007053429730206313,0.007053429730206313,0.5,0.007053429730206313,0.2542313764000506,,0.0,0.0,0.0,40.0,5631.0,4.0,0.0,0.0,,0.0,0.0,0.0,0.0,
machine-1-1,validation,logistic,,,,,,,,,,,,,,,,,,,,,,,,development training has one class
machine-1-1,evaluation,prevalence,14214.0,0.0,8519.0,40.0,0.004695386782486207,0.004695386782486207,0.5,0.004695386782486207,0.16923889371577508,,0.0,0.0,0.0,40.0,8479.0,4.0,0.0,0.0,,0.0,0.0,0.0,0.0,
machine-1-1,evaluation,logistic,,,,,,,,,,,,,,,,,,,,,,,,development training has one class
machine-1-2,validation,prevalence,11822.0,0.002537641684994079,4713.0,30.0,0.006365372374283896,0.006365372374283896,0.5,0.00633950593105033,0.04056746932799746,,0.0,0.0,0.0,30.0,4683.0,3.0,0.0,0.0,,0.0,0.0,0.0,0.0,
machine-1-2,validation,logistic,11822.0,0.002537641684994079,4713.0,30.0,0.006365372374283896,0.0038542667750802733,0.20168695280802904,0.006688934488511196,0.12143927897755692,0.0,0.0,0.0,3.0,30.0,4680.0,3.0,0.0,0.0,,1.0,1.0,3.0,0.0006365372374283895,
machine-1-2,evaluation,prevalence,11822.0,0.002537641684994079,7084.0,40.0,0.00564652738565782,0.00564652738565782,0.5,0.005624309284440629,0.03627310429436667,,0.0,0.0,0.0,40.0,7044.0,4.0,0.0,0.0,,0.0,0.0,0.0,0.0,
machine-1-2,evaluation,logistic,11822.0,0.002537641684994079,7084.0,40.0,0.00564652738565782,0.0032219420615659366,0.1608177172061329,0.006488073368518546,0.10633589810001783,0.0,0.0,0.0,9.0,40.0,7035.0,4.0,0.0,0.0,,2.0,2.0,9.0,0.0012704686617730095,
machine-1-3,validation,prevalence,11826.0,0.004227972264501945,4716.0,30.0,0.006361323155216285,0.006361323155216285,0.5,0.0063254079089541055,0.03898118372980553,,0.0,0.0,0.0,30.0,4686.0,3.0,0.0,0.0,,0.0,0.0,0.0,0.0,
machine-1-3,validation,logistic,11826.0,0.004227972264501945,4716.0,30.0,0.006361323155216285,0.0066947891587862025,0.40748328353962154,0.0063580743211704765,0.061512310683618815,,0.0,0.0,0.0,30.0,4686.0,3.0,0.0,0.0,,0.0,0.0,0.0,0.0,
machine-1-3,evaluation,prevalence,11826.0,0.004227972264501945,7086.0,40.0,0.005644933672029354,0.005644933672029354,0.5,0.0056150761754981664,0.03506841063391012,,0.0,0.0,0.0,40.0,7046.0,4.0,0.0,0.0,,0.0,0.0,0.0,0.0,
machine-1-3,evaluation,logistic,11826.0,0.004227972264501945,7086.0,40.0,0.005644933672029354,0.004465548758571813,0.391225518024411,0.029086022765269438,0.22555386684609513,0.0,0.0,0.0,169.0,40.0,6877.0,4.0,0.0,0.0,,12.0,12.0,169.0,0.02384984476432402,
machine-1-4,validation,prevalence,11828.0,0.002536354413256679,4716.0,30.0,0.006361323155216285,0.006361323155216285,0.5,0.006335487108808161,0.04054522477385663,,0.0,0.0,0.0,30.0,4686.0,3.0,0.0,0.0,,0.0,0.0,0.0,0.0,
machine-1-4,validation,logistic,11828.0,0.002536354413256679,4716.0,30.0,0.006361323155216285,0.01722835106580598,0.6087423531085502,0.010829630937734959,0.07347073579262273,0.0,0.0,0.0,10.0,30.0,4676.0,3.0,0.0,0.0,,9.0,9.0,10.0,0.0021204410517387615,
machine-1-4,evaluation,prevalence,11828.0,0.002536354413256679,7088.0,60.0,0.008465011286681716,0.008465011286681716,0.5,0.008428503842920874,0.05311368410884673,,0.0,0.0,0.0,60.0,7028.0,6.0,0.0,0.0,,0.0,0.0,0.0,0.0,
machine-1-4,evaluation,logistic,11828.0,0.002536354413256679,7088.0,60.0,0.008465011286681716,0.009779211916088364,0.4983233731739708,0.09921910233073085,3.489126762645241,0.015060240963855422,0.16666666666666666,10.0,654.0,50.0,6374.0,6.0,1.0,0.16666666666666666,10.0,2.0,3.0,664.0,0.09367945823927765,
machine-1-5,validation,prevalence,11828.0,0.0016909029421711193,4716.0,30.0,0.006361323155216285,0.006361323155216285,0.5,0.006342669547897616,0.04228266665938041,,0.0,0.0,0.0,30.0,4686.0,3.0,0.0,0.0,,0.0,0.0,0.0,0.0,
machine-1-5,validation,logistic,11828.0,0.0016909029421711193,4716.0,30.0,0.006361323155216285,0.003858927403258151,0.21907810499359798,0.013504264037583492,0.13715790446959167,0.0,0.0,0.0,41.0,30.0,4645.0,3.0,0.0,0.0,,24.0,24.0,41.0,0.008693808312128922,
machine-1-5,evaluation,prevalence,11828.0,0.0016909029421711193,7087.0,20.0,0.002822068576266403,0.002822068576266403,0.5,0.0028153840409090116,0.01969939007478734,,0.0,0.0,0.0,20.0,7067.0,2.0,0.0,0.0,,0.0,0.0,0.0,0.0,
machine-1-5,evaluation,logistic,11828.0,0.0016909029421711193,7087.0,20.0,0.002822068576266403,0.0032734584459624388,0.5772322060280175,0.035727305594849317,0.12594982186110376,0.0,0.0,0.0,324.0,20.0,6743.0,2.0,0.0,0.0,,106.0,106.0,324.0,0.04571751093551573,
machine-1-6,validation,prevalence,11819.0,0.012691429054911583,4713.0,90.0,0.019096117122851686,0.019096117122851686,0.5,0.018772475462929636,0.09591821153286505,,0.0,0.0,0.0,90.0,4623.0,9.0,0.0,0.0,,0.0,0.0,0.0,0.0,
machine-1-6,validation,logistic,11819.0,0.012691429054911583,4713.0,90.0,0.019096117122851686,0.033047475519889,0.6055423366260485,0.01884316916017613,0.10054810976435309,,0.0,0.0,0.0,90.0,4623.0,9.0,0.0,0.0,,0.0,0.0,0.0,0.0,
machine-1-6,evaluation,prevalence,11819.0,0.012691429054911583,7082.0,60.0,0.008472182999152781,0.008472182999152781,0.5,0.008418207151660688,0.04966101020452234,,0.0,0.0,0.0,60.0,7022.0,6.0,0.0,0.0,,0.0,0.0,0.0,0.0,
machine-1-6,evaluation,logistic,11819.0,0.012691429054911583,7082.0,60.0,0.008472182999152781,0.022241344848575872,0.7469144593183329,0.009655876583706563,0.05481146382663741,0.0,0.0,0.0,9.0,60.0,7013.0,6.0,0.0,0.0,,7.0,7.0,9.0,0.0012708274498729173,
machine-1-7,validation,prevalence,11823.0,0.005074854097944684,4714.0,40.0,0.00848536274925753,0.00848536274925753,0.5,0.008424992937531722,0.04987665677571698,,0.0,0.0,0.0,40.0,4674.0,4.0,0.0,0.0,,0.0,0.0,0.0,0.0,
machine-1-7,validation,logistic,11823.0,0.005074854097944684,4714.0,40.0,0.00848536274925753,0.016322106055640363,0.7453359007274284,0.008904387996514534,0.054812714309053746,,0.0,0.0,0.0,40.0,4674.0,4.0,0.0,0.0,,0.0,0.0,0.0,0.0,
machine-1-7,evaluation,prevalence,11823.0,0.005074854097944684,7085.0,30.0,0.004234297812279464,0.004234297812279464,0.5,0.004217075069185759,0.027437964297470988,,0.0,0.0,0.0,30.0,7055.0,3.0,0.0,0.0,,0.0,0.0,0.0,0.0,
machine-1-7,evaluation,logistic,11823.0,0.005074854097944684,7085.0,30.0,0.004234297812279464,0.005445300409490696,0.5744153082919915,0.0044566448209540505,0.035040768783021696,,0.0,0.0,0.0,30.0,7055.0,3.0,0.0,0.0,,0.0,0.0,0.0,0.0,
machine-1-8,validation,prevalence,11824.0,0.010148849797023005,4715.0,20.0,0.0042417815482502655,0.0042417815482502655,0.5,0.004258682292842848,0.029628883732637484,,0.0,0.0,0.0,20.0,4695.0,2.0,0.0,0.0,,0.0,0.0,0.0,0.0,
machine-1-8,validation,logistic,11824.0,0.010148849797023005,4715.0,20.0,0.0042417815482502655,0.002556819749383593,0.2005324813631523,0.005311015737278031,0.05338246574559536,0.0,0.0,0.0,8.0,20.0,4687.0,2.0,0.0,0.0,,2.0,2.0,8.0,0.001696712619300106,
machine-1-8,evaluation,prevalence,11824.0,0.010148849797023005,7085.0,60.0,0.008468595624558928,0.008468595624558928,0.5,0.008399701766790713,0.04898851304907781,,0.0,0.0,0.0,60.0,7025.0,6.0,0.0,0.0,,0.0,0.0,0.0,0.0,
machine-1-8,evaluation,logistic,11824.0,0.010148849797023005,7085.0,60.0,0.008468595624558928,0.03501400204175358,0.38257888493475684,0.008347008779822742,0.1531988051142241,,0.0,0.0,0.0,60.0,7025.0,6.0,0.0,0.0,,0.0,0.0,0.0,0.0,
machine-2-1,validation,prevalence,11822.0,0.003383522246658772,4713.0,20.0,0.004243581582855931,0.004243581582855931,0.5,0.004226313300267357,0.027515924984700756,,0.0,0.0,0.0,20.0,4693.0,2.0,0.0,0.0,,0.0,0.0,0.0,0.0,
machine-2-1,validation,logistic,11822.0,0.003383522246658772,4713.0,20.0,0.004243581582855931,0.003838308965703383,0.3919880673343278,0.0049759168407067554,0.059715428289527014,0.0,0.0,0.0,3.0,20.0,4690.0,2.0,0.0,0.0,,2.0,2.0,3.0,0.0006365372374283895,
machine-2-1,evaluation,prevalence,11822.0,0.003383522246658772,7084.0,70.0,0.009881422924901186,0.009881422924901186,0.5,0.009826003119104728,0.0595695830968293,,0.0,0.0,0.0,70.0,7014.0,7.0,0.0,0.0,,0.0,0.0,0.0,0.0,
machine-2-1,evaluation,logistic,11822.0,0.003383522246658772,7084.0,70.0,0.009881422924901186,0.01233341371013687,0.49657419854169216,0.020557725137991496,0.15247274534965935,0.0,0.0,0.0,94.0,70.0,6920.0,7.0,0.0,0.0,,30.0,30.0,94.0,0.013269339356295878,
machine-2-2,validation,prevalence,11825.0,0.0,4715.0,30.0,0.006362672322375398,0.006362672322375398,0.5,0.006362672322375398,0.22933395581622812,,0.0,0.0,0.0,30.0,4685.0,3.0,0.0,0.0,,0.0,0.0,0.0,0.0,
machine-2-2,validation,logistic,,,,,,,,,,,,,,,,,,,,,,,,development training has one class
machine-2-2,evaluation,prevalence,11825.0,0.0,7085.0,80.0,0.011291460832745237,0.011291460832745237,0.5,0.011291460832745237,0.4069855005122616,,0.0,0.0,0.0,80.0,7005.0,8.0,0.0,0.0,,0.0,0.0,0.0,0.0,
machine-2-2,evaluation,logistic,,,,,,,,,,,,,,,,,,,,,,,,development training has one class
machine-2-3,validation,prevalence,11819.0,0.0042304763516371946,4713.0,20.0,0.004243581582855931,0.004243581582855931,0.5,0.004225573769952661,0.027414503092140483,,0.0,0.0,0.0,20.0,4693.0,2.0,0.0,0.0,,0.0,0.0,0.0,0.0,
machine-2-3,validation,logistic,11819.0,0.0042304763516371946,4713.0,20.0,0.004243581582855931,0.007512235933289481,0.578510547624121,0.017170436768498297,0.07882496350334316,0.0,0.0,0.0,68.0,20.0,4625.0,2.0,0.0,0.0,,28.0,28.0,68.0,0.014428177381710164,
machine-2-3,evaluation,prevalence,11819.0,0.0042304763516371946,7082.0,30.0,0.004236091499576391,0.004236091499576391,0.5,0.004218147059913494,0.02737359824012559,,0.0,0.0,0.0,30.0,7052.0,3.0,0.0,0.0,,0.0,0.0,0.0,0.0,
machine-2-3,evaluation,logistic,11819.0,0.0042304763516371946,7082.0,30.0,0.004236091499576391,0.004540223544848304,0.4607676309321233,0.009374891285225338,0.055695093273248134,0.0,0.0,0.0,42.0,30.0,7010.0,3.0,0.0,0.0,,12.0,12.0,42.0,0.005930528099406947,
machine-2-4,validation,prevalence,11819.0,0.009307047973601828,4713.0,40.0,0.008487163165711862,0.008487163165711862,0.5,0.008415803438208655,0.04896558940163441,,0.0,0.0,0.0,40.0,4673.0,4.0,0.0,0.0,,0.0,0.0,0.0,0.0,
machine-2-4,validation,logistic,11819.0,0.009307047973601828,4713.0,40.0,0.008487163165711862,0.06476912111926615,0.8816071046436978,0.008951957089013243,0.04113867412844275,0.0,0.0,0.0,6.0,40.0,4667.0,4.0,0.0,0.0,,2.0,2.0,6.0,0.001273074474856779,
machine-2-4,evaluation,prevalence,11819.0,0.009307047973601828,7082.0,50.0,0.007060152499293985,0.007060152499293985,0.5,0.007015355285253161,0.04230482776600329,,0.0,0.0,0.0,50.0,7032.0,5.0,0.0,0.0,,0.0,0.0,0.0,0.0,
machine-2-4,evaluation,logistic,11819.0,0.009307047973601828,7082.0,50.0,0.007060152499293985,0.015215602490053336,0.7044738339021616,0.010630186708347946,0.10836175179629656,0.0,0.0,0.0,28.0,50.0,7004.0,5.0,0.0,0.0,,2.0,2.0,28.0,0.003953685399604632,
machine-2-5,validation,prevalence,11819.0,0.00761485743294695,4713.0,50.0,0.010608953957139827,0.010608953957139827,0.5,0.010505368667071295,0.05930971052331821,,0.0,0.0,0.0,50.0,4663.0,5.0,0.0,0.0,,0.0,0.0,0.0,0.0,
machine-2-5,validation,logistic,11819.0,0.00761485743294695,4713.0,50.0,0.010608953957139827,0.02379672397216192,0.6639974265494317,0.012746900915694217,0.09514038923572296,0.0,0.0,0.0,11.0,50.0,4652.0,5.0,0.0,0.0,,4.0,4.0,11.0,0.0023339698705707617,
machine-2-5,evaluation,prevalence,11819.0,0.00761485743294695,7082.0,70.0,0.009884213499011578,0.009884213499011578,0.5,0.00979166579947212,0.0557802172330946,,0.0,0.0,0.0,70.0,7012.0,7.0,0.0,0.0,,0.0,0.0,0.0,0.0,
machine-2-5,evaluation,logistic,11819.0,0.00761485743294695,7082.0,70.0,0.009884213499011578,0.013496319357185399,0.5903532719419771,0.010821715570056263,0.08025088327534058,0.0,0.0,0.0,7.0,70.0,7005.0,7.0,0.0,0.0,,2.0,2.0,7.0,0.000988421349901158,
machine-2-6,validation,prevalence,14346.0,0.0027882336539802035,5724.0,20.0,0.0034940600978336828,0.0034940600978336828,0.5,0.003482349832835253,0.0233356460283734,,0.0,0.0,0.0,20.0,5704.0,2.0,0.0,0.0,,0.0,0.0,0.0,0.0,
machine-2-6,validation,logistic,14346.0,0.0027882336539802035,5724.0,20.0,0.0034940600978336828,0.002998717590956863,0.4437149368863955,0.0034958249949172036,0.026509160998227196,,0.0,0.0,0.0,20.0,5704.0,2.0,0.0,0.0,,0.0,0.0,0.0,0.0,
machine-2-6,evaluation,prevalence,14346.0,0.0027882336539802035,8598.0,20.0,0.0023261223540358223,0.0023261223540358223,0.5,0.002320925055683413,0.016468691997009385,,0.0,0.0,0.0,20.0,8578.0,2.0,0.0,0.0,,0.0,0.0,0.0,0.0,
machine-2-6,evaluation,logistic,14346.0,0.0027882336539802035,8598.0,20.0,0.0023261223540358223,0.006155355679134817,0.6178479832128702,0.0024792490031974057,0.017251200577759366,0.0,0.0,0.0,2.0,20.0,8576.0,2.0,0.0,0.0,,1.0,1.0,2.0,0.00023261223540358222,
machine-2-7,validation,prevalence,11823.0,0.0076122811469170265,4714.0,50.0,0.010606703436571913,0.010606703436571913,0.5,0.01050316784362931,0.059299771055244324,,0.0,0.0,0.0,50.0,4664.0,5.0,0.0,0.0,,0.0,0.0,0.0,0.0,
machine-2-7,validation,logistic,11823.0,0.0076122811469170265,4714.0,50.0,0.010606703436571913,0.03150778348791205,0.7679116638078901,0.02404280798895932,0.4022522724822198,0.0,0.0,0.0,67.0,50.0,4597.0,5.0,0.0,0.0,,3.0,3.0,67.0,0.014212982605006363,
machine-2-7,evaluation,prevalence,11823.0,0.0076122811469170265,7084.0,60.0,0.00846979107848673,0.00846979107848673,0.5,0.00839878904085626,0.04889225782989068,,0.0,0.0,0.0,60.0,7024.0,6.0,0.0,0.0,,0.0,0.0,0.0,0.0,
machine-2-7,evaluation,logistic,11823.0,0.0076122811469170265,7084.0,60.0,0.00846979107848673,0.008821590959678232,0.5036588838268793,0.027051583979292918,0.5421770785734166,0.0,0.0,0.0,133.0,60.0,6891.0,6.0,0.0,0.0,,8.0,8.0,133.0,0.018774703557312252,
machine-2-8,validation,prevalence,11826.0,0.0,4716.0,0.0,0.0,,,0.0,2.2204460492503136e-16,,,0.0,0.0,0.0,4716.0,0.0,0.0,,,0.0,0.0,0.0,0.0,
machine-2-8,validation,logistic,,,,,,,,,,,,,,,,,,,,,,,,development training has one class
machine-2-8,evaluation,prevalence,11826.0,0.0,7086.0,10.0,0.0014112334180073384,0.0014112334180073384,0.5,0.0014112334180073384,0.0508660081697958,,0.0,0.0,0.0,10.0,7076.0,1.0,0.0,0.0,,0.0,0.0,0.0,0.0,
machine-2-8,evaluation,logistic,,,,,,,,,,,,,,,,,,,,,,,,development training has one class
machine-2-9,validation,prevalence,14336.0,0.0,5719.0,60.0,0.010491344640671446,0.010491344640671446,0.5,0.010491344640671446,0.3781463898141336,,0.0,0.0,0.0,60.0,5659.0,6.0,0.0,0.0,,0.0,0.0,0.0,0.0,
machine-2-9,validation,logistic,,,,,,,,,,,,,,,,,,,,,,,,development training has one class
machine-2-9,evaluation,prevalence,14336.0,0.0,8592.0,40.0,0.004655493482309125,0.004655493482309125,0.5,0.004655493482309125,0.1678009934316443,,0.0,0.0,0.0,40.0,8552.0,4.0,0.0,0.0,,0.0,0.0,0.0,0.0,
machine-2-9,evaluation,logistic,,,,,,,,,,,,,,,,,,,,,,,,development training has one class
machine-3-1,validation,prevalence,14325.0,0.0020942408376963353,5715.0,0.0,0.0,,,4.385844686275144e-06,0.002096436826528183,,,0.0,0.0,0.0,5715.0,0.0,0.0,,,0.0,0.0,0.0,0.0,
machine-3-1,validation,logistic,14325.0,0.0020942408376963353,5715.0,0.0,0.0,,,0.0021127322727734583,0.009123607260400846,0.0,,0.0,16.0,0.0,5699.0,0.0,0.0,,,2.0,2.0,16.0,0.0027996500437445318,
machine-3-1,evaluation,prevalence,14325.0,0.0020942408376963353,8585.0,10.0,0.0011648223645894002,0.0011648223645894002,0.5,0.0011643293721465052,0.009279276340907052,,0.0,0.0,0.0,10.0,8575.0,1.0,0.0,0.0,,0.0,0.0,0.0,0.0,
machine-3-1,evaluation,logistic,14325.0,0.0020942408376963353,8585.0,10.0,0.0011648223645894002,0.0023093356228263916,0.7390204081632653,0.002650707422464294,0.019095622632056865,0.0,0.0,0.0,13.0,10.0,8562.0,1.0,0.0,0.0,,7.0,7.0,13.0,0.0015142690739662202,
machine-3-2,validation,prevalence,11826.0,0.0033823778116015557,4716.0,40.0,0.008481764206955046,0.008481764206955046,0.5,0.008435827624501778,0.05161362592171148,,0.0,0.0,0.0,40.0,4676.0,4.0,0.0,0.0,,0.0,0.0,0.0,0.0,
machine-3-2,validation,logistic,11826.0,0.0033823778116015557,4716.0,40.0,0.008481764206955046,0.02239915403051153,0.681533361847733,0.008456819949784394,0.06513169915571335,,0.0,0.0,0.0,40.0,4676.0,4.0,0.0,0.0,,0.0,0.0,0.0,0.0,
machine-3-2,evaluation,prevalence,11826.0,0.0033823778116015557,7086.0,20.0,0.002822466836014677,0.002822466836014677,0.5,0.002814814017274857,0.019436059645868625,,0.0,0.0,0.0,20.0,7066.0,2.0,0.0,0.0,,0.0,0.0,0.0,0.0,
machine-3-2,evaluation,logistic,11826.0,0.0033823778116015557,7086.0,20.0,0.002822466836014677,0.0017776593936018304,0.22301868100764224,0.0028284387173945734,0.0755523228031976,,0.0,0.0,0.0,20.0,7066.0,2.0,0.0,0.0,,0.0,0.0,0.0,0.0,
machine-3-3,validation,prevalence,11826.0,0.010147133434804667,4716.0,70.0,0.014843087362171332,0.014843087362171332,0.5,0.01464482210301823,0.0781857253707537,,0.0,0.0,0.0,70.0,4646.0,7.0,0.0,0.0,,0.0,0.0,0.0,0.0,
machine-3-3,validation,logistic,11826.0,0.010147133434804667,4716.0,70.0,0.014843087362171332,0.19762279152712342,0.6805547014328762,0.013302508061573648,0.08653436210921596,0.7,0.1,7.0,3.0,63.0,4643.0,7.0,1.0,0.14285714285714285,10.0,1.0,2.0,10.0,0.0021204410517387615,
machine-3-3,evaluation,prevalence,11826.0,0.010147133434804667,7086.0,70.0,0.009878633926051369,0.009878633926051369,0.5,0.009781118609792633,0.05544671627485857,,0.0,0.0,0.0,70.0,7016.0,7.0,0.0,0.0,,0.0,0.0,0.0,0.0,
machine-3-3,evaluation,logistic,11826.0,0.010147133434804667,7086.0,70.0,0.009878633926051369,0.04678779451168225,0.5113658576315361,0.009722909843995434,0.10025428266909332,,0.0,0.0,0.0,70.0,7016.0,7.0,0.0,0.0,,0.0,0.0,0.0,0.0,
machine-3-4,validation,prevalence,11818.0,0.004230834320528008,4712.0,10.0,0.0021222410865874364,0.0021222410865874364,0.5,0.0021221833447840565,0.015829614923270702,,0.0,0.0,0.0,10.0,4702.0,1.0,0.0,0.0,,0.0,0.0,0.0,0.0,
machine-3-4,validation,logistic,11818.0,0.004230834320528008,4712.0,10.0,0.0021222410865874364,0.00152564175836493,0.2666524883028498,0.0025629485884163415,0.02319364769942887,,0.0,0.0,0.0,10.0,4702.0,1.0,0.0,0.0,,0.0,0.0,0.0,0.0,
machine-3-4,evaluation,prevalence,11818.0,0.004230834320528008,7082.0,20.0,0.002824060999717594,0.002824060999717594,0.5,0.0028180646903636117,0.019662335060249055,,0.0,0.0,0.0,20.0,7062.0,2.0,0.0,0.0,,0.0,0.0,0.0,0.0,
machine-3-4,evaluation,logistic,11818.0,0.004230834320528008,7082.0,20.0,0.002824060999717594,0.0290987292788987,0.9512956669498726,0.0031188717126337208,0.019273823101590384,,0.0,0.0,0.0,20.0,7062.0,2.0,0.0,0.0,,0.0,0.0,0.0,0.0,
machine-3-5,validation,prevalence,11820.0,0.001692047377326565,4713.0,60.0,0.012730744748567792,0.012730744748567792,0.5,0.012690525726368458,0.08291719198818871,,0.0,0.0,0.0,60.0,4653.0,6.0,0.0,0.0,,0.0,0.0,0.0,0.0,
machine-3-5,validation,logistic,11820.0,0.001692047377326565,4713.0,60.0,0.012730744748567792,0.021791311819360764,0.493337631635504,0.06371681302222805,1.3577867472057226,0.03367003367003367,0.16666666666666666,10.0,287.0,50.0,4366.0,6.0,1.0,0.16666666666666666,10.0,48.0,49.0,297.0,0.06301718650541056,
machine-3-5,evaluation,prevalence,11820.0,0.001692047377326565,7083.0,30.0,0.004235493434985175,0.004235493434985175,0.5,0.004224023148195595,0.02871644762577295,,0.0,0.0,0.0,30.0,7053.0,3.0,0.0,0.0,,0.0,0.0,0.0,0.0,
machine-3-5,evaluation,logistic,11820.0,0.001692047377326565,7083.0,30.0,0.004235493434985175,0.0038994318701808914,0.4815870315232289,0.10240554649741133,0.7146185932555793,0.0,0.0,0.0,865.0,30.0,6188.0,3.0,0.0,0.0,,178.0,178.0,865.0,0.12212339404207256,
machine-3-6,validation,prevalence,14338.0,0.002092342028176873,5720.0,40.0,0.006993006993006993,0.006993006993006993,0.5,0.0069681213633002595,0.045223042556403976,,0.0,0.0,0.0,40.0,5680.0,4.0,0.0,0.0,,0.0,0.0,0.0,0.0,
machine-3-6,validation,logistic,14338.0,0.002092342028176873,5720.0,40.0,0.006993006993006993,0.0037579110270452407,0.08444102112676058,0.00699350082442375,0.18583823113171438,,0.0,0.0,0.0,40.0,5680.0,4.0,0.0,0.0,,0.0,0.0,0.0,0.0,
machine-3-6,evaluation,prevalence,14338.0,0.002092342028176873,8593.0,40.0,0.004654951704876062,0.004654951704876062,0.5,0.004639850097856444,0.03080337480531267,,0.0,0.0,0.0,40.0,8553.0,4.0,0.0,0.0,,0.0,0.0,0.0,0.0,
machine-3-6,evaluation,logistic,14338.0,0.002092342028176873,8593.0,40.0,0.004654951704876062,0.00374858883119143,0.28430667602010995,0.011657070390881904,0.20872979931957367,0.0,0.0,0.0,62.0,40.0,8491.0,4.0,0.0,0.0,,15.0,15.0,62.0,0.007215175142557896,
machine-3-7,validation,prevalence,14327.0,0.0013959656592447826,5716.0,10.0,0.0017494751574527643,0.0017494751574527643,0.5,0.001746539463091543,0.012895842140145953,,0.0,0.0,0.0,10.0,5706.0,1.0,0.0,0.0,,0.0,0.0,0.0,0.0,
machine-3-7,validation,logistic,14327.0,0.0013959656592447826,5716.0,10.0,0.0017494751574527643,0.0012329436442102969,0.23811777076761304,0.0017563315435586274,0.022565839011936643,,0.0,0.0,0.0,10.0,5706.0,1.0,0.0,0.0,,0.0,0.0,0.0,0.0,
machine-3-7,evaluation,prevalence,14327.0,0.0013959656592447826,8587.0,20.0,0.00232910213112845,0.00232910213112845,0.5,0.0023245481580663825,0.016705598044570235,,0.0,0.0,0.0,20.0,8567.0,2.0,0.0,0.0,,0.0,0.0,0.0,0.0,
machine-3-7,evaluation,logistic,14327.0,0.0013959656592447826,8587.0,20.0,0.00232910213112845,0.006214594375482278,0.8162425586553052,0.03346104797477255,0.11715134883013611,0.0,0.0,0.0,342.0,20.0,8225.0,2.0,0.0,0.0,,34.0,34.0,342.0,0.03982764644229649,
machine-3-8,validation,prevalence,14327.0,0.0,5715.0,30.0,0.005249343832020997,0.005249343832020997,0.5,0.005249343832020997,0.18920552960166506,,0.0,0.0,0.0,30.0,5685.0,3.0,0.0,0.0,,0.0,0.0,0.0,0.0,
machine-3-8,validation,logistic,,,,,,,,,,,,,,,,,,,,,,,,development training has one class
machine-3-8,evaluation,prevalence,14327.0,0.0,8587.0,30.0,0.003493653196692675,0.003493653196692675,0.5,0.003493653196692675,0.1259240248833721,,0.0,0.0,0.0,30.0,8557.0,3.0,0.0,0.0,,0.0,0.0,0.0,0.0,
machine-3-8,evaluation,logistic,,,,,,,,,,,,,,,,,,,,,,,,development training has one class
machine-3-9,validation,prevalence,14331.0,0.0020933640360058614,5718.0,0.0,0.0,,,4.382172987242844e-06,0.0020955581851362197,,,0.0,0.0,0.0,5718.0,0.0,0.0,,,0.0,0.0,0.0,0.0,
machine-3-9,validation,logistic,14331.0,0.0020933640360058614,5718.0,0.0,0.0,,,0.005579988950073893,0.08289069123749536,0.0,,0.0,33.0,0.0,5685.0,0.0,0.0,,,2.0,2.0,33.0,0.005771248688352571,
machine-3-9,evaluation,prevalence,14331.0,0.0020933640360058614,8589.0,10.0,0.0011642798928862498,0.0011642798928862498,0.5,0.001163787542562267,0.009275541142652555,,0.0,0.0,0.0,10.0,8579.0,1.0,0.0,0.0,,0.0,0.0,0.0,0.0,
machine-3-9,evaluation,logistic,14331.0,0.0020933640360058614,8589.0,10.0,0.0011642798928862498,0.002990228564266085,0.7151299685278005,0.0026344920639494516,0.016961526574347005,0.0,0.0,0.0,14.0,10.0,8565.0,1.0,0.0,0.0,,6.0,6.0,14.0,0.0016299918500407497,
machine-3-10,validation,prevalence,11821.0,0.006767616952880467,4714.0,30.0,0.006364022061943148,0.006364022061943148,0.5,0.00632368417397424,0.03853955387763003,,0.0,0.0,0.0,30.0,4684.0,3.0,0.0,0.0,,0.0,0.0,0.0,0.0,
machine-3-10,validation,logistic,11821.0,0.006767616952880467,4714.0,30.0,0.006364022061943148,0.01647504916346865,0.7306219755194989,0.19504827503891725,1.8751578941295213,0.01040582726326743,0.3333333333333333,10.0,951.0,20.0,3733.0,3.0,1.0,0.3333333333333333,10.0,33.0,34.0,961.0,0.20386084005091218,
machine-3-10,evaluation,prevalence,11821.0,0.006767616952880467,7083.0,20.0,0.002823662289990117,0.002823662289990117,0.5,0.002831243999645139,0.02087735169748068,,0.0,0.0,0.0,20.0,7063.0,2.0,0.0,0.0,,0.0,0.0,0.0,0.0,
machine-3-10,evaluation,logistic,11821.0,0.006767616952880467,7083.0,20.0,0.002823662289990117,0.0027409057503252204,0.45228656378309495,0.002823662289990117,0.10177510486832479,,0.0,0.0,0.0,20.0,7063.0,2.0,0.0,0.0,,0.0,0.0,0.0,0.0,
machine-3-11,validation,prevalence,14323.0,0.0,5714.0,0.0,0.0,,,0.0,2.2204460492503136e-16,,,0.0,0.0,0.0,5714.0,0.0,0.0,,,0.0,0.0,0.0,0.0,
machine-3-11,validation,logistic,,,,,,,,,,,,,,,,,,,,,,,,development training has one class
machine-3-11,evaluation,prevalence,14323.0,0.0,8584.0,30.0,0.003494874184529357,0.003494874184529357,0.5,0.003494874184529357,0.1259680337457498,,0.0,0.0,0.0,30.0,8554.0,3.0,0.0,0.0,,0.0,0.0,0.0,0.0,
machine-3-11,evaluation,logistic,,,,,,,,,,,,,,,,,,,,,,,,development training has one class
