run_id,partition,start_inclusive,end_exclusive
development-101,train,2026-01-05 00:00:00+00:00,2026-01-07 00:00:00+00:00
development-101,calibration,2026-01-07 00:00:00+00:00,2026-01-07 14:24:00+00:00
development-101,validation,2026-01-07 14:24:00+00:00,2026-01-08 04:48:00+00:00
development-101,temporal_test,2026-01-08 04:48:00+00:00,2026-01-09 00:00:00+00:00
development-202,train,2026-01-05 00:00:00+00:00,2026-01-07 00:00:00+00:00
development-202,calibration,2026-01-07 00:00:00+00:00,2026-01-07 14:24:00+00:00
development-202,validation,2026-01-07 14:24:00+00:00,2026-01-08 04:48:00+00:00
development-202,temporal_test,2026-01-08 04:48:00+00:00,2026-01-09 00:00:00+00:00
development-303,train,2026-01-05 00:00:00+00:00,2026-01-07 00:00:00+00:00
development-303,calibration,2026-01-07 00:00:00+00:00,2026-01-07 14:24:00+00:00
development-303,validation,2026-01-07 14:24:00+00:00,2026-01-08 04:48:00+00:00
development-303,temporal_test,2026-01-08 04:48:00+00:00,2026-01-09 00:00:00+00:00
heldout_seed-404,heldout_seed,2026-01-05 00:00:00+00:00,2026-01-09 00:00:00+00:00
heldout_seed-505,heldout_seed,2026-01-05 00:00:00+00:00,2026-01-09 00:00:00+00:00
heldout_regime-606,heldout_regime,2026-01-05 00:00:00+00:00,2026-01-09 00:00:00+00:00
heldout_regime-707,heldout_regime,2026-01-05 00:00:00+00:00,2026-01-09 00:00:00+00:00
