bin,rows,positives,mean_probability,observed_fraction,partition,candidate
"(-0.001, 0.1]",43036,792,0.002005041657814236,0.0184031973231713,heldout_regime,boosting_raw
"(0.1, 0.2]",433,150,0.14721541841915056,0.3464203233256351,heldout_regime,boosting_raw
"(0.2, 0.3]",290,126,0.24901995275697136,0.43448275862068964,heldout_regime,boosting_raw
"(0.3, 0.4]",291,119,0.34745379838606716,0.40893470790378006,heldout_regime,boosting_raw
"(0.4, 0.5]",270,118,0.4508431818653235,0.43703703703703706,heldout_regime,boosting_raw
"(0.5, 0.6]",287,114,0.5494150102754831,0.397212543554007,heldout_regime,boosting_raw
"(0.6, 0.7]",293,125,0.6495329310795316,0.42662116040955633,heldout_regime,boosting_raw
"(0.7, 0.8]",296,140,0.750423446351587,0.47297297297297297,heldout_regime,boosting_raw
"(0.8, 0.9]",336,172,0.8507543722572202,0.5119047619047619,heldout_regime,boosting_raw
"(0.9, 1.0]",348,204,0.9475807551922923,0.5862068965517241,heldout_regime,boosting_raw
"(-0.001, 0.1]",43303,881,0.0011286289300641943,0.02034501073828603,heldout_regime,boosting_sigmoid
"(0.1, 0.2]",328,123,0.14537074945331865,0.375,heldout_regime,boosting_sigmoid
"(0.2, 0.3]",255,113,0.2505446103528346,0.44313725490196076,heldout_regime,boosting_sigmoid
"(0.3, 0.4]",209,87,0.34950610036484814,0.41626794258373206,heldout_regime,boosting_sigmoid
"(0.4, 0.5]",206,94,0.4502270342510777,0.4563106796116505,heldout_regime,boosting_sigmoid
"(0.5, 0.6]",222,87,0.549461949983497,0.3918918918918919,heldout_regime,boosting_sigmoid
"(0.6, 0.7]",228,98,0.65101679975132,0.4298245614035088,heldout_regime,boosting_sigmoid
"(0.7, 0.8]",255,108,0.7526059599730692,0.4235294117647059,heldout_regime,boosting_sigmoid
"(0.8, 0.9]",314,155,0.8540360190201752,0.49363057324840764,heldout_regime,boosting_sigmoid
"(0.9, 1.0]",560,314,0.9584427257335936,0.5607142857142857,heldout_regime,boosting_sigmoid
"(-0.001, 0.1]",42307,631,0.004876084136312528,0.014914789514737514,heldout_regime,logistic_raw
"(0.1, 0.2]",1002,308,0.14725566438767898,0.3073852295409182,heldout_regime,logistic_raw
"(0.2, 0.3]",596,204,0.2452588395077968,0.3422818791946309,heldout_regime,logistic_raw
"(0.3, 0.4]",406,138,0.34880108345338295,0.3399014778325123,heldout_regime,logistic_raw
"(0.4, 0.5]",309,110,0.4466377521003086,0.3559870550161812,heldout_regime,logistic_raw
"(0.5, 0.6]",230,90,0.5491947781869537,0.391304347826087,heldout_regime,logistic_raw
"(0.6, 0.7]",248,112,0.6482433802632196,0.45161290322580644,heldout_regime,logistic_raw
"(0.7, 0.8]",221,110,0.7484486641109191,0.497737556561086,heldout_regime,logistic_raw
"(0.8, 0.9]",215,122,0.8565671997906968,0.5674418604651162,heldout_regime,logistic_raw
"(0.9, 1.0]",346,235,0.9625174199189295,0.6791907514450867,heldout_regime,logistic_raw
"(-0.001, 0.1]",42471,676,0.0037645601022763,0.01591674318947046,heldout_regime,logistic_sigmoid
"(0.1, 0.2]",941,292,0.1459034842529983,0.310308182784272,heldout_regime,logistic_sigmoid
"(0.2, 0.3]",520,182,0.24632445977652936,0.35,heldout_regime,logistic_sigmoid
"(0.3, 0.4]",364,122,0.34976155823295674,0.33516483516483514,heldout_regime,logistic_sigmoid
"(0.4, 0.5]",279,107,0.44596524420812794,0.3835125448028674,heldout_regime,logistic_sigmoid
"(0.5, 0.6]",216,83,0.5460997436015574,0.38425925925925924,heldout_regime,logistic_sigmoid
"(0.6, 0.7]",236,96,0.6494972371034935,0.4067796610169492,heldout_regime,logistic_sigmoid
"(0.7, 0.8]",221,106,0.7500563840430485,0.4796380090497738,heldout_regime,logistic_sigmoid
"(0.8, 0.9]",207,117,0.8513605059443918,0.5652173913043478,heldout_regime,logistic_sigmoid
"(0.9, 1.0]",425,279,0.962529355082797,0.6564705882352941,heldout_regime,logistic_sigmoid
"(-0.001, 0.1]",45880,2060,0.05604203152364273,0.044899738448125545,heldout_regime,prevalence_raw
"(0.1, 0.2]",0,0,,,heldout_regime,prevalence_raw
"(0.2, 0.3]",0,0,,,heldout_regime,prevalence_raw
"(0.3, 0.4]",0,0,,,heldout_regime,prevalence_raw
"(0.4, 0.5]",0,0,,,heldout_regime,prevalence_raw
"(0.5, 0.6]",0,0,,,heldout_regime,prevalence_raw
"(0.6, 0.7]",0,0,,,heldout_regime,prevalence_raw
"(0.7, 0.8]",0,0,,,heldout_regime,prevalence_raw
"(0.8, 0.9]",0,0,,,heldout_regime,prevalence_raw
"(0.9, 1.0]",0,0,,,heldout_regime,prevalence_raw
"(-0.001, 0.1]",41996,74,0.0020636963678802916,0.0017620725783407945,heldout_seed,boosting_raw
"(0.1, 0.2]",477,82,0.14550782809806037,0.1719077568134172,heldout_seed,boosting_raw
"(0.2, 0.3]",336,104,0.24721270989333244,0.30952380952380953,heldout_seed,boosting_raw
"(0.3, 0.4]",277,101,0.34946275416938066,0.36462093862815886,heldout_seed,boosting_raw
"(0.4, 0.5]",287,119,0.44753638844374516,0.4146341463414634,heldout_seed,boosting_raw
"(0.5, 0.6]",296,155,0.552146782732591,0.5236486486486487,heldout_seed,boosting_raw
"(0.6, 0.7]",335,221,0.6517381133579824,0.6597014925373135,heldout_seed,boosting_raw
"(0.7, 0.8]",403,314,0.7515377910728503,0.7791563275434243,heldout_seed,boosting_raw
"(0.8, 0.9]",533,464,0.85132259822133,0.8705440900562852,heldout_seed,boosting_raw
"(0.9, 1.0]",940,926,0.9525062973513465,0.9851063829787234,heldout_seed,boosting_raw
"(-0.001, 0.1]",42295,116,0.0012101616883614188,0.002742640974110415,heldout_seed,boosting_sigmoid
"(0.1, 0.2]",373,103,0.14549804934730787,0.2761394101876676,heldout_seed,boosting_sigmoid
"(0.2, 0.3]",241,69,0.24631120562597522,0.2863070539419087,heldout_seed,boosting_sigmoid
"(0.3, 0.4]",230,86,0.3473813270752438,0.3739130434782609,heldout_seed,boosting_sigmoid
"(0.4, 0.5]",215,95,0.4464909382664008,0.4418604651162791,heldout_seed,boosting_sigmoid
"(0.5, 0.6]",211,102,0.5500028168197454,0.4834123222748815,heldout_seed,boosting_sigmoid
"(0.6, 0.7]",260,163,0.6508258169105751,0.6269230769230769,heldout_seed,boosting_sigmoid
"(0.7, 0.8]",310,213,0.7517849120623018,0.6870967741935484,heldout_seed,boosting_sigmoid
"(0.8, 0.9]",451,371,0.8529457427968461,0.8226164079822617,heldout_seed,boosting_sigmoid
"(0.9, 1.0]",1294,1242,0.9656581810185384,0.9598145285935085,heldout_seed,boosting_sigmoid
"(-0.001, 0.1]",40596,89,0.004448402493085959,0.0021923342201202087,heldout_seed,logistic_raw
"(0.1, 0.2]",996,147,0.14795800302406728,0.14759036144578314,heldout_seed,logistic_raw
"(0.2, 0.3]",774,226,0.25029023606824596,0.29198966408268734,heldout_seed,logistic_raw
"(0.3, 0.4]",668,275,0.3482897442676208,0.4116766467065868,heldout_seed,logistic_raw
"(0.4, 0.5]",667,359,0.45009837844652617,0.5382308845577212,heldout_seed,logistic_raw
"(0.5, 0.6]",668,409,0.5481864399755688,0.6122754491017964,heldout_seed,logistic_raw
"(0.6, 0.7]",586,407,0.6510549003453481,0.6945392491467577,heldout_seed,logistic_raw
"(0.7, 0.8]",476,332,0.7495377019850171,0.6974789915966386,heldout_seed,logistic_raw
"(0.8, 0.9]",333,239,0.8456978918469308,0.7177177177177178,heldout_seed,logistic_raw
"(0.9, 1.0]",116,77,0.9337681227954692,0.6637931034482759,heldout_seed,logistic_raw
"(-0.001, 0.1]",40739,108,0.0034163460263516,0.0026510223618645525,heldout_seed,logistic_sigmoid
"(0.1, 0.2]",956,151,0.1454925486939896,0.1579497907949791,heldout_seed,logistic_sigmoid
"(0.2, 0.3]",713,215,0.2503690072325742,0.3015427769985975,heldout_seed,logistic_sigmoid
"(0.3, 0.4]",598,254,0.34857916031164116,0.42474916387959866,heldout_seed,logistic_sigmoid
"(0.4, 0.5]",604,306,0.45118604767412385,0.5066225165562914,heldout_seed,logistic_sigmoid
"(0.5, 0.6]",606,380,0.5494989220919031,0.6270627062706271,heldout_seed,logistic_sigmoid
"(0.6, 0.7]",546,365,0.6492838356486932,0.6684981684981685,heldout_seed,logistic_sigmoid
"(0.7, 0.8]",511,352,0.7471756883970285,0.6888454011741683,heldout_seed,logistic_sigmoid
"(0.8, 0.9]",416,299,0.8461548513266479,0.71875,heldout_seed,logistic_sigmoid
"(0.9, 1.0]",191,130,0.9370680746500049,0.680628272251309,heldout_seed,logistic_sigmoid
"(-0.001, 0.1]",45880,2560,0.05604203152364273,0.05579773321708806,heldout_seed,prevalence_raw
"(0.1, 0.2]",0,0,,,heldout_seed,prevalence_raw
"(0.2, 0.3]",0,0,,,heldout_seed,prevalence_raw
"(0.3, 0.4]",0,0,,,heldout_seed,prevalence_raw
"(0.4, 0.5]",0,0,,,heldout_seed,prevalence_raw
"(0.5, 0.6]",0,0,,,heldout_seed,prevalence_raw
"(0.6, 0.7]",0,0,,,heldout_seed,prevalence_raw
"(0.7, 0.8]",0,0,,,heldout_seed,prevalence_raw
"(0.8, 0.9]",0,0,,,heldout_seed,prevalence_raw
"(0.9, 1.0]",0,0,,,heldout_seed,prevalence_raw
"(-0.001, 0.1]",12392,43,0.002040529723853878,0.0034699806326662364,temporal_test,boosting_raw
"(0.1, 0.2]",150,18,0.1456751359459254,0.12,temporal_test,boosting_raw
"(0.2, 0.3]",92,21,0.2503730761669847,0.22826086956521738,temporal_test,boosting_raw
"(0.3, 0.4]",94,35,0.3522667260944291,0.3723404255319149,temporal_test,boosting_raw
"(0.4, 0.5]",80,38,0.45310081735239177,0.475,temporal_test,boosting_raw
"(0.5, 0.6]",88,49,0.5481748016596263,0.5568181818181818,temporal_test,boosting_raw
"(0.6, 0.7]",122,72,0.6545143124290596,0.5901639344262295,temporal_test,boosting_raw
"(0.7, 0.8]",126,89,0.7474837176673076,0.7063492063492064,temporal_test,boosting_raw
"(0.8, 0.9]",159,138,0.856360640957737,0.8679245283018868,temporal_test,boosting_raw
"(0.9, 1.0]",221,217,0.9417380313370275,0.9819004524886877,temporal_test,boosting_raw
"(-0.001, 0.1]",12481,52,0.0011955629019968824,0.004166332825895361,temporal_test,boosting_sigmoid
"(0.1, 0.2]",111,18,0.1413777393934011,0.16216216216216217,temporal_test,boosting_sigmoid
"(0.2, 0.3]",76,27,0.24928166156128023,0.35526315789473684,temporal_test,boosting_sigmoid
"(0.3, 0.4]",68,22,0.3467626359621217,0.3235294117647059,temporal_test,boosting_sigmoid
"(0.4, 0.5]",70,34,0.4524397705637455,0.4857142857142857,temporal_test,boosting_sigmoid
"(0.5, 0.6]",74,42,0.5588577402523331,0.5675675675675675,temporal_test,boosting_sigmoid
"(0.6, 0.7]",68,36,0.6590470815980423,0.5294117647058824,temporal_test,boosting_sigmoid
"(0.7, 0.8]",124,79,0.7534435330567825,0.6370967741935484,temporal_test,boosting_sigmoid
"(0.8, 0.9]",123,100,0.8571270120359255,0.8130081300813008,temporal_test,boosting_sigmoid
"(0.9, 1.0]",329,310,0.9601105920202678,0.9422492401215805,temporal_test,boosting_sigmoid
"(-0.001, 0.1]",12049,28,0.004187259016848423,0.002323844302431737,temporal_test,logistic_raw
"(0.1, 0.2]",298,49,0.14849372995457819,0.1644295302013423,temporal_test,logistic_raw
"(0.2, 0.3]",209,54,0.2547696042901844,0.2583732057416268,temporal_test,logistic_raw
"(0.3, 0.4]",222,113,0.3477857448488933,0.509009009009009,temporal_test,logistic_raw
"(0.4, 0.5]",168,97,0.4514959249789963,0.5773809523809523,temporal_test,logistic_raw
"(0.5, 0.6]",182,117,0.5502453267804294,0.6428571428571429,temporal_test,logistic_raw
"(0.6, 0.7]",159,107,0.6490661667929687,0.6729559748427673,temporal_test,logistic_raw
"(0.7, 0.8]",133,93,0.7427224865694988,0.6992481203007519,temporal_test,logistic_raw
"(0.8, 0.9]",81,49,0.8444715465584296,0.6049382716049383,temporal_test,logistic_raw
"(0.9, 1.0]",23,13,0.942033245115191,0.5652173913043478,temporal_test,logistic_raw
"(-0.001, 0.1]",12099,32,0.00327155645476415,0.002644846681543929,temporal_test,logistic_sigmoid
"(0.1, 0.2]",270,49,0.14630010029080265,0.1814814814814815,temporal_test,logistic_sigmoid
"(0.2, 0.3]",202,61,0.2543732841196542,0.30198019801980197,temporal_test,logistic_sigmoid
"(0.3, 0.4]",199,98,0.34860191739539587,0.49246231155778897,temporal_test,logistic_sigmoid
"(0.4, 0.5]",158,90,0.45430995324306156,0.569620253164557,temporal_test,logistic_sigmoid
"(0.5, 0.6]",156,100,0.5529780400531586,0.6410256410256411,temporal_test,logistic_sigmoid
"(0.6, 0.7]",156,99,0.6488318856534661,0.6346153846153846,temporal_test,logistic_sigmoid
"(0.7, 0.8]",150,105,0.7490028705889659,0.7,temporal_test,logistic_sigmoid
"(0.8, 0.9]",92,66,0.8477126549154346,0.717391304347826,temporal_test,logistic_sigmoid
"(0.9, 1.0]",42,20,0.937982032800652,0.47619047619047616,temporal_test,logistic_sigmoid
"(-0.001, 0.1]",13524,720,0.05604203152364273,0.05323868677905945,temporal_test,prevalence_raw
"(0.1, 0.2]",0,0,,,temporal_test,prevalence_raw
"(0.2, 0.3]",0,0,,,temporal_test,prevalence_raw
"(0.3, 0.4]",0,0,,,temporal_test,prevalence_raw
"(0.4, 0.5]",0,0,,,temporal_test,prevalence_raw
"(0.5, 0.6]",0,0,,,temporal_test,prevalence_raw
"(0.6, 0.7]",0,0,,,temporal_test,prevalence_raw
"(0.7, 0.8]",0,0,,,temporal_test,prevalence_raw
"(0.8, 0.9]",0,0,,,temporal_test,prevalence_raw
"(0.9, 1.0]",0,0,,,temporal_test,prevalence_raw
"(-0.001, 0.1]",9174,19,0.0023758721110715884,0.0020710704163941574,validation,boosting_raw
"(0.1, 0.2]",98,12,0.14387641363604842,0.12244897959183673,validation,boosting_raw
"(0.2, 0.3]",82,28,0.2504669322438056,0.34146341463414637,validation,boosting_raw
"(0.3, 0.4]",70,22,0.3474602875107103,0.3142857142857143,validation,boosting_raw
"(0.4, 0.5]",71,28,0.44975910207783715,0.39436619718309857,validation,boosting_raw
"(0.5, 0.6]",73,40,0.552261629811365,0.547945205479452,validation,boosting_raw
"(0.6, 0.7]",74,55,0.6561372859325344,0.7432432432432432,validation,boosting_raw
"(0.7, 0.8]",81,70,0.7549893251239339,0.8641975308641975,validation,boosting_raw
"(0.8, 0.9]",120,101,0.8515756511572978,0.8416666666666667,validation,boosting_raw
"(0.9, 1.0]",225,222,0.9521352214970338,0.9866666666666667,validation,boosting_raw
"(-0.001, 0.1]",9236,22,0.0013104297843492848,0.0023819835426591596,validation,boosting_sigmoid
"(0.1, 0.2]",79,25,0.14717315124206398,0.31645569620253167,validation,boosting_sigmoid
"(0.2, 0.3]",74,21,0.250383684068363,0.28378378378378377,validation,boosting_sigmoid
"(0.3, 0.4]",45,17,0.3549072970656855,0.37777777777777777,validation,boosting_sigmoid
"(0.4, 0.5]",56,24,0.4464447848670017,0.42857142857142855,validation,boosting_sigmoid
"(0.5, 0.6]",54,25,0.5543746894386177,0.46296296296296297,validation,boosting_sigmoid
"(0.6, 0.7]",54,37,0.644979293802005,0.6851851851851852,validation,boosting_sigmoid
"(0.7, 0.8]",67,51,0.7499726509803137,0.7611940298507462,validation,boosting_sigmoid
"(0.8, 0.9]",101,85,0.856089917010709,0.8415841584158416,validation,boosting_sigmoid
"(0.9, 1.0]",302,290,0.9669569880076473,0.9602649006622517,validation,boosting_sigmoid
"(-0.001, 0.1]",8815,19,0.004447462634951523,0.0021554169030062395,validation,logistic_raw
"(0.1, 0.2]",243,42,0.14328085893312928,0.1728395061728395,validation,logistic_raw
"(0.2, 0.3]",188,55,0.25265890175143235,0.2925531914893617,validation,logistic_raw
"(0.3, 0.4]",183,75,0.3515926938969898,0.4098360655737705,validation,logistic_raw
"(0.4, 0.5]",176,99,0.4482090718253842,0.5625,validation,logistic_raw
"(0.5, 0.6]",169,105,0.548489028785649,0.621301775147929,validation,logistic_raw
"(0.6, 0.7]",110,69,0.6473786162669718,0.6272727272727273,validation,logistic_raw
"(0.7, 0.8]",99,73,0.7449330607063892,0.7373737373737373,validation,logistic_raw
"(0.8, 0.9]",56,40,0.8425332770136703,0.7142857142857143,validation,logistic_raw
"(0.9, 1.0]",29,20,0.9367551159238132,0.6896551724137931,validation,logistic_raw
"(-0.001, 0.1]",8866,23,0.0036285741588410747,0.0025941800135348522,validation,logistic_sigmoid
"(0.1, 0.2]",219,42,0.14438240367453697,0.1917808219178082,validation,logistic_sigmoid
"(0.2, 0.3]",166,55,0.25270444283615445,0.3313253012048193,validation,logistic_sigmoid
"(0.3, 0.4]",170,68,0.35044080370440767,0.4,validation,logistic_sigmoid
"(0.4, 0.5]",163,88,0.4496327802012826,0.5398773006134969,validation,logistic_sigmoid
"(0.5, 0.6]",153,92,0.5522554042691444,0.6013071895424836,validation,logistic_sigmoid
"(0.6, 0.7]",118,78,0.6451393282797074,0.6610169491525424,validation,logistic_sigmoid
"(0.7, 0.8]",104,73,0.7526297392499436,0.7019230769230769,validation,logistic_sigmoid
"(0.8, 0.9]",72,52,0.8499312163016,0.7222222222222222,validation,logistic_sigmoid
"(0.9, 1.0]",37,26,0.9451603296631969,0.7027027027027027,validation,logistic_sigmoid
"(-0.001, 0.1]",10068,597,0.056042031523642725,0.05929678188319428,validation,prevalence_raw
"(0.1, 0.2]",0,0,,,validation,prevalence_raw
"(0.2, 0.3]",0,0,,,validation,prevalence_raw
"(0.3, 0.4]",0,0,,,validation,prevalence_raw
"(0.4, 0.5]",0,0,,,validation,prevalence_raw
"(0.5, 0.6]",0,0,,,validation,prevalence_raw
"(0.6, 0.7]",0,0,,,validation,prevalence_raw
"(0.7, 0.8]",0,0,,,validation,prevalence_raw
"(0.8, 0.9]",0,0,,,validation,prevalence_raw
"(0.9, 1.0]",0,0,,,validation,prevalence_raw
