feature,standardised_logistic_coefficient
request_rate_rps__current,0.48624213354013207
request_rate_rps__mean,2.0891769230478348
request_rate_rps__std,-0.2104227865682177
request_rate_rps__min,-2.3179191021476826
request_rate_rps__max,0.15914142351443689
request_rate_rps__change,0.06547642543276418
request_rate_rps__slope,-0.6561337723309071
latency_p50_ms__current,1.2497008276799177
latency_p50_ms__mean,-0.3007035156574035
latency_p50_ms__std,0.39693962555818463
latency_p50_ms__min,1.2190506690341336
latency_p50_ms__max,0.49946779290892956
latency_p50_ms__change,-0.2217876489658438
latency_p50_ms__slope,-2.5383646862810316
latency_p95_ms__current,-0.0577515458304333
latency_p95_ms__mean,-2.285799939270123
latency_p95_ms__std,1.3108299082351014
latency_p95_ms__min,-0.3871194281890664
latency_p95_ms__max,-1.101923406416191
latency_p95_ms__change,0.7325656615565075
latency_p95_ms__slope,0.39674225285832393
error_rate__current,-0.572604254470073
error_rate__mean,-1.1910966032535535
error_rate__std,-0.7444141465881248
error_rate__min,-0.16112623484542818
error_rate__max,-1.850032589197515
error_rate__change,0.2870914225561207
error_rate__slope,1.9210472920524857
cpu_utilisation_pct__current,-0.7157608564882826
cpu_utilisation_pct__mean,4.893969581868097
cpu_utilisation_pct__std,-0.1888145312596352
cpu_utilisation_pct__min,-3.0318008651795902
cpu_utilisation_pct__max,0.43514548363339817
cpu_utilisation_pct__change,2.1613920108238536
cpu_utilisation_pct__slope,-0.5321207939098052
memory_utilisation_pct__current,-2.0191903119720203
memory_utilisation_pct__mean,4.039084813002314
memory_utilisation_pct__std,-0.3066083832092547
memory_utilisation_pct__min,-3.4310883691777563
memory_utilisation_pct__max,1.3636830256432504
memory_utilisation_pct__change,2.5039865415396956
memory_utilisation_pct__slope,-0.4211856238620009
dependency_latency_ms__current,-0.040611882821942565
dependency_latency_ms__mean,5.334860298265921
dependency_latency_ms__std,-2.819906281000947
dependency_latency_ms__min,-5.591512913221164
dependency_latency_ms__max,0.4127270222663725
dependency_latency_ms__change,6.54673054146778
dependency_latency_ms__slope,-2.312660394045864
