group,onset_partition,service_id,incident_type,incidents
development,calibration,api-gateway,cpu_saturation,2
development,calibration,api-gateway,database_degradation,4
development,calibration,api-gateway,memory_leak,5
development,calibration,api-gateway,traffic_overload,4
development,calibration,auth-service,cpu_saturation,3
development,calibration,auth-service,database_degradation,6
development,calibration,auth-service,memory_leak,2
development,calibration,auth-service,traffic_overload,4
development,calibration,catalog-service,cpu_saturation,6
development,calibration,catalog-service,database_degradation,4
development,calibration,catalog-service,traffic_overload,5
development,calibration,search-service,cpu_saturation,4
development,calibration,search-service,database_degradation,6
development,calibration,search-service,memory_leak,3
development,calibration,search-service,traffic_overload,2
development,temporal_test,api-gateway,cpu_saturation,7
development,temporal_test,api-gateway,database_degradation,3
development,temporal_test,api-gateway,memory_leak,6
development,temporal_test,api-gateway,traffic_overload,2
development,temporal_test,auth-service,cpu_saturation,7
development,temporal_test,auth-service,database_degradation,2
development,temporal_test,auth-service,memory_leak,5
development,temporal_test,auth-service,traffic_overload,4
development,temporal_test,catalog-service,cpu_saturation,4
development,temporal_test,catalog-service,database_degradation,2
development,temporal_test,catalog-service,memory_leak,3
development,temporal_test,catalog-service,traffic_overload,9
development,temporal_test,search-service,cpu_saturation,5
development,temporal_test,search-service,database_degradation,1
development,temporal_test,search-service,memory_leak,5
development,temporal_test,search-service,traffic_overload,7
development,train,api-gateway,cpu_saturation,13
development,train,api-gateway,database_degradation,13
development,train,api-gateway,memory_leak,6
development,train,api-gateway,traffic_overload,16
development,train,auth-service,cpu_saturation,10
development,train,auth-service,database_degradation,12
development,train,auth-service,memory_leak,17
development,train,auth-service,traffic_overload,9
development,train,catalog-service,cpu_saturation,10
development,train,catalog-service,database_degradation,16
development,train,catalog-service,memory_leak,15
development,train,catalog-service,traffic_overload,7
development,train,search-service,cpu_saturation,12
development,train,search-service,database_degradation,12
development,train,search-service,memory_leak,13
development,train,search-service,traffic_overload,11
development,validation,api-gateway,cpu_saturation,2
development,validation,api-gateway,database_degradation,4
development,validation,api-gateway,memory_leak,7
development,validation,api-gateway,traffic_overload,2
development,validation,auth-service,cpu_saturation,4
development,validation,auth-service,database_degradation,4
development,validation,auth-service,traffic_overload,7
development,validation,catalog-service,cpu_saturation,4
development,validation,catalog-service,database_degradation,2
development,validation,catalog-service,memory_leak,6
development,validation,catalog-service,traffic_overload,3
development,validation,search-service,cpu_saturation,3
development,validation,search-service,database_degradation,5
development,validation,search-service,memory_leak,3
development,validation,search-service,traffic_overload,4
heldout_regime,heldout_regime,api-gateway,cpu_saturation,13
heldout_regime,heldout_regime,api-gateway,database_degradation,16
heldout_regime,heldout_regime,api-gateway,memory_leak,9
heldout_regime,heldout_regime,api-gateway,traffic_overload,14
heldout_regime,heldout_regime,auth-service,cpu_saturation,14
heldout_regime,heldout_regime,auth-service,database_degradation,6
heldout_regime,heldout_regime,auth-service,memory_leak,19
heldout_regime,heldout_regime,auth-service,traffic_overload,15
heldout_regime,heldout_regime,catalog-service,cpu_saturation,12
heldout_regime,heldout_regime,catalog-service,database_degradation,12
heldout_regime,heldout_regime,catalog-service,memory_leak,15
heldout_regime,heldout_regime,catalog-service,traffic_overload,10
heldout_regime,heldout_regime,search-service,cpu_saturation,15
heldout_regime,heldout_regime,search-service,database_degradation,14
heldout_regime,heldout_regime,search-service,memory_leak,6
heldout_regime,heldout_regime,search-service,traffic_overload,16
heldout_seed,heldout_seed,api-gateway,cpu_saturation,16
heldout_seed,heldout_seed,api-gateway,database_degradation,16
heldout_seed,heldout_seed,api-gateway,memory_leak,16
heldout_seed,heldout_seed,api-gateway,traffic_overload,16
heldout_seed,heldout_seed,auth-service,cpu_saturation,16
heldout_seed,heldout_seed,auth-service,database_degradation,16
heldout_seed,heldout_seed,auth-service,memory_leak,16
heldout_seed,heldout_seed,auth-service,traffic_overload,16
heldout_seed,heldout_seed,catalog-service,cpu_saturation,16
heldout_seed,heldout_seed,catalog-service,database_degradation,16
heldout_seed,heldout_seed,catalog-service,memory_leak,16
heldout_seed,heldout_seed,catalog-service,traffic_overload,16
heldout_seed,heldout_seed,search-service,cpu_saturation,16
heldout_seed,heldout_seed,search-service,database_degradation,16
heldout_seed,heldout_seed,search-service,memory_leak,16
heldout_seed,heldout_seed,search-service,traffic_overload,16
