partition,candidate,threshold,rows,positives,prevalence,average_precision,roc_auc,brier,log_loss,precision,recall,tp,fp,fn,tn,scorable_incidents,detected_incidents,missed_incidents,incident_detection_rate,mean_lead_minutes,median_lead_minutes,episodes,false_episodes,alert_precision,eligible_service_days,false_alerts_per_service_day,alert_minutes
heldout_regime,boosting_raw,0.5700000000000001,45880,2060,0.044899738448125545,0.4512755938169232,0.958559918554723,0.03491791750138341,0.13367704045909534,0.497787610619469,0.3276699029126214,675,681,1385,43139,206,133,73,0.6456310679611651,6.760603341854637,8.1277862,222,76,0.6576576576576577,31.86111111111111,2.3853530950305144,1356
heldout_regime,boosting_sigmoid,0.61,45880,2060,0.044899738448125545,0.4512755938169232,0.958559918554723,0.036732890679064295,0.16475661153931354,0.4992559523809524,0.3257281553398058,671,673,1389,43147,206,133,73,0.6456310679611651,6.738046950877193,8.0340163,222,76,0.6576576576576577,31.86111111111111,2.3853530950305144,1344
heldout_regime,logistic_raw,0.0,45880,2060,0.044899738448125545,0.4695186171673465,0.940215776809809,0.03279915154744749,0.1187862679941769,0.044899738448125545,1.0,2060,43820,0,0,206,206,0,1.0,9.484357446521036,9.446465516666667,8,0,1.0,31.86111111111111,0.0,45880
heldout_regime,logistic_sigmoid,0.0,45880,2060,0.044899738448125545,0.46951861716734655,0.940215776809809,0.03343643904217582,0.1250528279046412,0.044899738448125545,1.0,2060,43820,0,0,206,206,0,1.0,9.484357446521036,9.446465516666667,8,0,1.0,31.86111111111111,0.0,45880
heldout_regime,prevalence_raw,0.05,45880,2060,0.044899738448125545,0.044899738448125545,0.5,0.04300790263039617,0.18446958722794368,0.044899738448125545,1.0,2060,43820,0,0,206,206,0,1.0,9.484357446521036,9.446465516666667,8,0,1.0,31.86111111111111,0.0,45880
heldout_seed,boosting_raw,0.5700000000000001,45880,2560,0.05579773321708806,0.9133911284430838,0.9941826586666089,0.013834647196806493,0.044883291986401924,0.8591792656587472,0.776953125,1989,326,571,42994,256,249,7,0.97265625,8.50489691900937,9.16049185,296,34,0.8851351351351351,31.86111111111111,1.0671316477768091,2315
heldout_seed,boosting_sigmoid,0.61,45880,2560,0.05579773321708806,0.9133911284430838,0.9941826586666089,0.014013963070736216,0.045664574711765424,0.862582056892779,0.769921875,1971,314,589,43006,256,249,7,0.97265625,8.492848726238286,9.16049185,302,36,0.8807947019867549,31.86111111111111,1.129904097646033,2285
heldout_seed,logistic_raw,0.0,45880,2560,0.05579773321708806,0.648722363282569,0.9805803829062788,0.026190143000715784,0.08046105391684497,0.05579773321708806,1.0,2560,43320,0,0,256,256,0,1.0,9.47358687799479,9.461921916666666,8,0,1.0,31.86111111111111,0.0,45880
heldout_seed,logistic_sigmoid,0.0,45880,2560,0.05579773321708806,0.648722363282569,0.9805803829062789,0.02626423229418481,0.08030679051683612,0.05579773321708806,1.0,2560,43320,0,0,256,256,0,1.0,9.47358687799479,9.461921916666666,8,0,1.0,31.86111111111111,0.0,45880
heldout_seed,prevalence_raw,0.05,45880,2560,0.05579773321708806,0.05579773321708806,0.5,0.0526844058665853,0.21524530287865504,0.05579773321708806,1.0,2560,43320,0,0,256,256,0,1.0,9.47358687799479,9.461921916666666,8,0,1.0,31.86111111111111,0.0,45880
temporal_test,boosting_raw,0.5700000000000001,13524,720,0.05323868677905945,0.8800795523231142,0.9918967922350654,0.01584777333970374,0.05184059888516514,0.8152173913043478,0.7291666666666666,525,119,195,12685,72,70,2,0.9722222222222222,8.29760032904762,9.109563441666666,92,12,0.8695652173913043,9.391666666666667,1.2777284826974267,644
temporal_test,boosting_sigmoid,0.61,13524,720,0.05323868677905945,0.8800795523231142,0.9918967922350654,0.016135459709140154,0.05437458137261423,0.8164852255054432,0.7291666666666666,525,118,195,12686,72,70,2,0.9722222222222222,8.29760032904762,9.109563441666666,92,12,0.8695652173913043,9.391666666666667,1.2777284826974267,643
temporal_test,logistic_raw,0.0,13524,720,0.05323868677905945,0.6195886645910931,0.9805736705543405,0.02591224021531578,0.07904765959187733,0.05323868677905945,1.0,720,12804,0,0,72,72,0,1.0,9.476687811342593,9.466260116666668,12,0,1.0,9.391666666666667,0.0,13524
temporal_test,logistic_sigmoid,0.0,13524,720,0.05323868677905945,0.6195886645910931,0.9805736705543406,0.02599648779485805,0.07905185834129644,0.05323868677905945,1.0,720,12804,0,0,72,72,0,1.0,9.476687811342593,9.466260116666668,12,0,1.0,9.391666666666667,0.0,13524
temporal_test,prevalence_raw,0.05,13524,720,0.05323868677905945,0.05323868677905945,0.5,0.05041218775085762,0.20801860776791475,0.05323868677905945,1.0,720,12804,0,0,72,72,0,1.0,9.476687811342593,9.466260116666668,12,0,1.0,9.391666666666667,0.0,13524
validation,boosting_raw,0.5700000000000001,10068,597,0.05929678188319428,0.9199532597153073,0.9945472266835178,0.014008618734939667,0.04518523560721125,0.8835877862595419,0.7755443886097152,463,61,134,9410,60,60,0,1.0,8.199379172222221,8.745535116666666,70,4,0.9428571428571428,6.991666666666666,0.5721096543504172,524
validation,boosting_sigmoid,0.61,10068,597,0.05929678188319428,0.9199532597153073,0.9945472266835178,0.014065755776273437,0.04520560710188585,0.887378640776699,0.7654941373534339,457,58,140,9413,60,60,0,1.0,8.099379172222221,8.745535116666666,69,4,0.9420289855072463,6.991666666666666,0.5721096543504172,515
validation,logistic_raw,0.0,10068,597,0.05929678188319428,0.649669510742927,0.9786197379039638,0.028435522093067215,0.08636877555801963,0.05929678188319428,1.0,597,9471,0,0,60,60,0,1.0,9.482712505555556,9.510705399999999,12,0,1.0,6.991666666666666,0.0,10068
validation,logistic_sigmoid,0.0,10068,597,0.05929678188319428,0.6496695107429269,0.9786197379039638,0.028495816769245563,0.08614199611203872,0.05929678188319428,1.0,597,9471,0,0,60,60,0,1.0,9.482712505555556,9.510705399999999,12,0,1.0,6.991666666666666,0.0,10068
validation,prevalence_raw,0.05,10068,597,0.05929678188319428,0.05929678188319428,0.5,0.05579126694139416,0.22512654516946384,0.05929678188319428,1.0,597,9471,0,0,60,60,0,1.0,9.482712505555556,9.510705399999999,12,0,1.0,6.991666666666666,0.0,10068
