partition,service_id,rows,positives,prevalence,average_precision,roc_auc,brier,log_loss,precision,recall,tp,fp,fn,tn,scorable_incidents,detected_incidents,missed_incidents,incident_detection_rate,mean_lead_minutes,median_lead_minutes,episodes,false_episodes,alert_precision,eligible_service_days,false_alerts_per_service_day,alert_minutes
heldout_regime,api-gateway,11470,520,0.045335658238884045,0.4243884134530403,0.9577675623463295,0.038500822462504,0.14295461189055553,0.42424242424242425,0.29615384615384616,154,209,366,10741,52,39,13,0.75,6.274708070940171,7.609273150000001,57,18,0.6842105263157895,7.965277777777778,2.259808195292066,363
heldout_regime,auth-service,11470,540,0.047079337401918046,0.46208944432607796,0.9487186981125681,0.036140172057199736,0.14308294752268036,0.5126760563380282,0.337037037037037,182,173,358,10757,54,30,24,0.5555555555555556,7.505290921666667,8.844529408333333,56,23,0.5892857142857143,7.965277777777778,2.887532693984307,355
heldout_regime,catalog-service,11470,490,0.042720139494333044,0.4990080174265471,0.96623991673172,0.030068893820697384,0.11762187871999077,0.5915032679738562,0.3693877551020408,181,125,309,10855,49,31,18,0.6326530612244898,7.30507140967742,8.448767766666666,49,15,0.6938775510204082,7.965277777777778,1.883173496076722,306
heldout_regime,search-service,11470,510,0.044463818657367045,0.4466718249841031,0.9617214111922141,0.03496178166513253,0.13104872370315468,0.4759036144578313,0.30980392156862746,158,174,352,10786,51,33,18,0.6470588235294118,6.146384495454545,6.205333066666666,60,20,0.6666666666666666,7.965277777777778,2.5108979947689627,332
heldout_seed,api-gateway,11470,640,0.05579773321708806,0.9141204606517598,0.9938367815096952,0.013838515965941234,0.046628092511603776,0.8790613718411552,0.7609375,487,67,153,10763,64,64,0,1.0,8.22784356640625,9.069727125,75,7,0.9066666666666666,7.965277777777778,0.8788142981691369,554
heldout_seed,auth-service,11470,640,0.05579773321708806,0.8938818671575784,0.9929139254385966,0.015339985593718025,0.049043107366443496,0.8258706467661692,0.778125,498,105,142,10725,64,63,1,0.984375,8.528166037037039,9.113503016666668,74,8,0.8918918918918919,7.965277777777778,1.004359197907585,603
heldout_seed,catalog-service,11470,640,0.05579773321708806,0.9223787160702804,0.99484375,0.013185553061674255,0.04263559872364311,0.8715277777777778,0.784375,502,74,138,10756,64,61,3,0.953125,8.45229945,9.03338585,69,6,0.9130434782608695,7.965277777777778,0.7532693984306887,576
heldout_seed,search-service,11470,640,0.05579773321708806,0.9227940318827242,0.9951721202677746,0.012974534165892459,0.04122636934391731,0.8625429553264605,0.784375,502,80,138,10750,64,61,3,0.953125,8.824141275409838,9.287503033333333,78,13,0.8333333333333334,7.965277777777778,1.6320836965998256,582
temporal_test,api-gateway,3381,180,0.05323868677905945,0.8796619909933825,0.9926689576174113,0.015212899650940389,0.04941500183540838,0.8353658536585366,0.7611111111111111,137,27,43,3174,18,18,0,1.0,7.8191331425925945,8.552354983333334,18,0,1.0,2.347916666666667,0.0,164
temporal_test,auth-service,3381,180,0.05323868677905945,0.9064600139772158,0.9938274497552849,0.014280628137423028,0.04593925371384061,0.8303030303030303,0.7611111111111111,137,28,43,3173,18,18,0,1.0,9.034088806481483,9.169619183333332,21,2,0.9047619047619048,2.347916666666667,0.8518189884649511,165
temporal_test,catalog-service,3381,180,0.05323868677905945,0.8805614774988081,0.9910878544899163,0.015872104838137217,0.05440167887143767,0.8299319727891157,0.6777777777777778,122,25,58,3176,18,17,1,0.9444444444444444,7.737472179411765,8.141889066666668,27,5,0.8148148148148148,2.347916666666667,2.1295474711623776,147
temporal_test,search-service,3381,180,0.05323868677905945,0.8536914438725677,0.990053455517373,0.018025460732314334,0.05760646111997387,0.7678571428571429,0.7166666666666667,129,39,51,3162,18,17,1,0.9444444444444444,8.58452946470588,9.106918783333333,26,5,0.8076923076923077,2.347916666666667,2.1295474711623776,168
validation,api-gateway,2517,147,0.058402860548271755,0.859915126086571,0.9901604523666007,0.018941890772631184,0.06045218220316412,0.8208955223880597,0.7482993197278912,110,24,37,2346,15,15,0,1.0,7.281310862222222,7.8458626,16,1,0.9375,1.7479166666666666,0.5721096543504172,134
validation,auth-service,2517,150,0.05959475566150179,0.9366749675043372,0.9952570060554852,0.013624939806047714,0.04388112069783179,0.9166666666666666,0.7333333333333333,110,10,40,2357,15,15,0,1.0,8.629298388888888,8.629513433333333,19,3,0.8421052631578947,1.7479166666666666,1.7163289630512515,120
validation,catalog-service,2517,150,0.05959475566150179,0.9442055575535049,0.9963019293057316,0.011806035176246506,0.038477188152013925,0.8920863309352518,0.8266666666666667,124,15,26,2352,15,15,0,1.0,8.129674300000001,8.267464499999999,15,0,1.0,1.7479166666666666,0.0,139
validation,search-service,2517,150,0.05959475566150179,0.9450210193540935,0.9965075341501197,0.011661609184833265,0.03793045137583516,0.9083969465648855,0.7933333333333333,119,12,31,2355,15,15,0,1.0,8.757233137777778,9.20353115,20,0,1.0,1.7479166666666666,0.0,131
