run_id,partition,rows,positives,first,last
development-101,calibration,3356,200,2026-01-07 00:15:00+00:00,2026-01-07 14:13:00+00:00
development-101,purged,300,0,2026-01-06 23:50:00+00:00,2026-01-08 05:02:00+00:00
development-101,temporal_test,4508,240,2026-01-08 05:03:00+00:00,2026-01-08 23:49:00+00:00
development-101,train,11420,640,2026-01-05 00:15:00+00:00,2026-01-06 23:49:00+00:00
development-101,validation,3356,200,2026-01-07 14:39:00+00:00,2026-01-08 04:37:00+00:00
development-202,calibration,3356,200,2026-01-07 00:15:00+00:00,2026-01-07 14:13:00+00:00
development-202,purged,300,0,2026-01-06 23:50:00+00:00,2026-01-08 05:02:00+00:00
development-202,temporal_test,4508,240,2026-01-08 05:03:00+00:00,2026-01-08 23:49:00+00:00
development-202,train,11420,640,2026-01-05 00:15:00+00:00,2026-01-06 23:49:00+00:00
development-202,validation,3356,200,2026-01-07 14:39:00+00:00,2026-01-08 04:37:00+00:00
development-303,calibration,3356,200,2026-01-07 00:15:00+00:00,2026-01-07 14:13:00+00:00
development-303,purged,300,3,2026-01-06 23:50:00+00:00,2026-01-08 05:02:00+00:00
development-303,temporal_test,4508,240,2026-01-08 05:03:00+00:00,2026-01-08 23:49:00+00:00
development-303,train,11420,640,2026-01-05 00:15:00+00:00,2026-01-06 23:49:00+00:00
development-303,validation,3356,197,2026-01-07 14:39:00+00:00,2026-01-08 04:37:00+00:00
heldout_regime-606,heldout_regime,22940,1030,2026-01-05 00:15:00+00:00,2026-01-08 23:49:00+00:00
heldout_regime-707,heldout_regime,22940,1030,2026-01-05 00:15:00+00:00,2026-01-08 23:49:00+00:00
heldout_seed-404,heldout_seed,22940,1280,2026-01-05 00:15:00+00:00,2026-01-08 23:49:00+00:00
heldout_seed-505,heldout_seed,22940,1280,2026-01-05 00:15:00+00:00,2026-01-08 23:49:00+00:00
