candidate,threshold,rows,positives,prevalence,average_precision,roc_auc,brier,log_loss,precision,recall,tp,fp,fn,tn,scorable_incidents,detected_incidents,missed_incidents,incident_detection_rate,mean_lead_minutes,median_lead_minutes,episodes,false_episodes,alert_precision,eligible_service_days,false_alerts_per_service_day,alert_minutes
boosting_raw,0.0,10068,597,0.05929678188319428,0.9199532597153073,0.9945472266835178,0.014008618734939667,0.04518523560721125,0.05929678188319428,1.0,597,9471,0,0,60,60,0,1.0,9.482712505555556,9.510705399999999,12,0,1.0,6.991666666666666,0.0,10068
boosting_raw,0.01,10068,597,0.05929678188319428,0.9199532597153073,0.9945472266835178,0.014008618734939667,0.04518523560721125,0.4592307692307692,1.0,597,703,0,8768,60,60,0,1.0,9.482712505555556,9.510705399999999,66,6,0.9090909090909091,6.991666666666666,0.8581644815256257,1300
boosting_raw,0.03,10068,597,0.05929678188319428,0.9199532597153073,0.9945472266835178,0.014008618734939667,0.04518523560721125,0.5322003577817531,0.9966499162479062,595,523,2,8948,60,60,0,1.0,9.449379172222223,9.502520508333333,66,6,0.9090909090909091,6.991666666666666,0.8581644815256257,1118
boosting_raw,0.05,10068,597,0.05929678188319428,0.9199532597153073,0.9945472266835178,0.014008618734939667,0.04518523560721125,0.5765853658536585,0.9899497487437185,591,434,6,9037,60,60,0,1.0,9.382712505555556,9.492811116666667,66,6,0.9090909090909091,6.991666666666666,0.8581644815256257,1025
boosting_raw,0.06999999999999999,10068,597,0.05929678188319428,0.9199532597153073,0.9945472266835178,0.014008618734939667,0.04518523560721125,0.6091476091476091,0.981574539363484,586,376,11,9095,60,60,0,1.0,9.31604583888889,9.492811116666667,66,6,0.9090909090909091,6.991666666666666,0.8581644815256257,962
boosting_raw,0.09,10068,597,0.05929678188319428,0.9199532597153073,0.9945472266835178,0.014008618734939667,0.04518523560721125,0.6363636363636364,0.9731993299832495,581,332,16,9139,60,60,0,1.0,9.249379172222223,9.492811116666667,69,8,0.8840579710144928,6.991666666666666,1.1442193087008343,913
boosting_raw,0.11,10068,597,0.05929678188319428,0.9199532597153073,0.9945472266835178,0.014008618734939667,0.04518523560721125,0.6601830663615561,0.966499162479062,577,297,20,9174,60,60,0,1.0,9.182712505555555,9.46835525,70,9,0.8714285714285714,6.991666666666666,1.2872467222884387,874
boosting_raw,0.13,10068,597,0.05929678188319428,0.9199532597153073,0.9945472266835178,0.014008618734939667,0.04518523560721125,0.670547147846333,0.964824120603015,576,283,21,9188,60,60,0,1.0,9.16604583888889,9.46835525,70,9,0.8714285714285714,6.991666666666666,1.2872467222884387,859
boosting_raw,0.15000000000000002,10068,597,0.05929678188319428,0.9199532597153073,0.9945472266835178,0.014008618734939667,0.04518523560721125,0.6869772998805257,0.9631490787269682,575,262,22,9209,60,60,0,1.0,9.149379172222222,9.460094383333335,68,7,0.8970588235294118,6.991666666666666,1.0011918951132301,837
boosting_raw,0.17,10068,597,0.05929678188319428,0.9199532597153073,0.9945472266835178,0.014008618734939667,0.04518523560721125,0.6959706959706959,0.9547738693467337,570,249,27,9222,60,60,0,1.0,9.132712505555556,9.460094383333335,71,9,0.8732394366197183,6.991666666666666,1.2872467222884387,819
boosting_raw,0.19,10068,597,0.05929678188319428,0.9199532597153073,0.9945472266835178,0.014008618734939667,0.04518523560721125,0.7034739454094293,0.949748743718593,567,239,30,9232,60,60,0,1.0,9.099379172222223,9.455195925,73,11,0.8493150684931506,6.991666666666666,1.5733015494636473,806
boosting_raw,0.21000000000000002,10068,597,0.05929678188319428,0.9199532597153073,0.9945472266835178,0.014008618734939667,0.04518523560721125,0.7179161372299873,0.9463986599664992,565,222,32,9249,60,60,0,1.0,9.06604583888889,9.38259295,71,9,0.8732394366197183,6.991666666666666,1.2872467222884387,787
boosting_raw,0.23,10068,597,0.05929678188319428,0.9199532597153073,0.9945472266835178,0.014008618734939667,0.04518523560721125,0.7253886010362695,0.9380234505862647,560,212,37,9259,60,60,0,1.0,8.999379172222223,9.299664991666667,72,9,0.875,6.991666666666666,1.2872467222884387,772
boosting_raw,0.25,10068,597,0.05929678188319428,0.9199532597153073,0.9945472266835178,0.014008618734939667,0.04518523560721125,0.7294429708222812,0.9212730318257957,550,204,47,9267,60,60,0,1.0,8.899379172222222,9.270152875,74,10,0.8648648648648649,6.991666666666666,1.430274135876043,754
boosting_raw,0.27,10068,597,0.05929678188319428,0.9199532597153073,0.9945472266835178,0.014008618734939667,0.04518523560721125,0.7364864864864865,0.9128978224455612,545,195,52,9276,60,60,0,1.0,8.882712505555556,9.270152875,76,11,0.8552631578947368,6.991666666666666,1.5733015494636473,740
boosting_raw,0.29000000000000004,10068,597,0.05929678188319428,0.9199532597153073,0.9945472266835178,0.014008618734939667,0.04518523560721125,0.7486187845303868,0.9078726968174204,542,182,55,9289,60,60,0,1.0,8.882712505555556,9.270152875,77,12,0.8441558441558441,6.991666666666666,1.7163289630512515,724
boosting_raw,0.31,10068,597,0.05929678188319428,0.9199532597153073,0.9945472266835178,0.014008618734939667,0.04518523560721125,0.7599431818181818,0.8961474036850922,535,169,62,9302,60,60,0,1.0,8.782712505555557,9.268649783333334,80,15,0.8125,6.991666666666666,2.1454112038140645,704
boosting_raw,0.33,10068,597,0.05929678188319428,0.9199532597153073,0.9945472266835178,0.014008618734939667,0.04518523560721125,0.7724637681159421,0.8927973199329984,533,157,64,9314,60,60,0,1.0,8.749379172222223,9.258219116666666,79,14,0.8227848101265823,6.991666666666666,2.0023837902264603,690
boosting_raw,0.35000000000000003,10068,597,0.05929678188319428,0.9199532597153073,0.9945472266835178,0.014008618734939667,0.04518523560721125,0.7792592592592592,0.88107202680067,526,149,71,9322,60,60,0,1.0,8.71604583888889,9.236542925000002,77,14,0.8181818181818182,6.991666666666666,2.0023837902264603,675
boosting_raw,0.37,10068,597,0.05929678188319428,0.9199532597153073,0.9945472266835178,0.014008618734939667,0.04518523560721125,0.7882882882882883,0.8793969849246231,525,141,72,9330,60,60,0,1.0,8.71604583888889,9.236542925000002,73,10,0.863013698630137,6.991666666666666,1.430274135876043,666
boosting_raw,0.39,10068,597,0.05929678188319428,0.9199532597153073,0.9945472266835178,0.014008618734939667,0.04518523560721125,0.7935779816513762,0.8693467336683417,519,135,78,9336,60,60,0,1.0,8.682712505555555,9.213821633333334,75,10,0.8666666666666667,6.991666666666666,1.430274135876043,654
boosting_raw,0.41000000000000003,10068,597,0.05929678188319428,0.9199532597153073,0.9945472266835178,0.014008618734939667,0.04518523560721125,0.8056426332288401,0.8609715242881072,514,124,83,9347,60,60,0,1.0,8.649379172222222,9.140592833333333,75,11,0.8533333333333334,6.991666666666666,1.5733015494636473,638
boosting_raw,0.43,10068,597,0.05929678188319428,0.9199532597153073,0.9945472266835178,0.014008618734939667,0.04518523560721125,0.8144,0.8525963149078727,509,116,88,9355,60,60,0,1.0,8.632712505555556,9.140592833333333,74,10,0.8648648648648649,6.991666666666666,1.430274135876043,625
boosting_raw,0.45,10068,597,0.05929678188319428,0.9199532597153073,0.9945472266835178,0.014008618734939667,0.04518523560721125,0.8267326732673267,0.8391959798994975,501,105,96,9366,60,60,0,1.0,8.582712505555556,9.140592833333333,74,9,0.8783783783783784,6.991666666666666,1.2872467222884387,606
boosting_raw,0.47000000000000003,10068,597,0.05929678188319428,0.9199532597153073,0.9945472266835178,0.014008618734939667,0.04518523560721125,0.8392554991539763,0.830820770519263,496,95,101,9376,60,60,0,1.0,8.549379172222222,9.125039208333334,75,8,0.8933333333333333,6.991666666666666,1.1442193087008343,591
boosting_raw,0.49,10068,597,0.05929678188319428,0.9199532597153073,0.9945472266835178,0.014008618734939667,0.04518523560721125,0.8413793103448276,0.8174204355108877,488,92,109,9379,60,60,0,1.0,8.466045838888888,9.055430416666667,71,6,0.9154929577464789,6.991666666666666,0.8581644815256257,580
boosting_raw,0.51,10068,597,0.05929678188319428,0.9199532597153073,0.9945472266835178,0.014008618734939667,0.04518523560721125,0.8589065255731922,0.8157453936348409,487,80,110,9391,60,60,0,1.0,8.449379172222221,9.043514291666668,69,4,0.9420289855072463,6.991666666666666,0.5721096543504172,567
boosting_raw,0.53,10068,597,0.05929678188319428,0.9199532597153073,0.9945472266835178,0.014008618734939667,0.04518523560721125,0.8666666666666667,0.8056951423785594,481,74,116,9397,60,60,0,1.0,8.382712505555554,9.043514291666668,69,4,0.9420289855072463,6.991666666666666,0.5721096543504172,555
boosting_raw,0.55,10068,597,0.05929678188319428,0.9199532597153073,0.9945472266835178,0.014008618734939667,0.04518523560721125,0.8747697974217311,0.7956448911222781,475,68,122,9403,60,60,0,1.0,8.316045838888888,8.966259983333334,69,4,0.9420289855072463,6.991666666666666,0.5721096543504172,543
boosting_raw,0.5700000000000001,10068,597,0.05929678188319428,0.9199532597153073,0.9945472266835178,0.014008618734939667,0.04518523560721125,0.8835877862595419,0.7755443886097152,463,61,134,9410,60,60,0,1.0,8.199379172222221,8.745535116666666,70,4,0.9428571428571428,6.991666666666666,0.5721096543504172,524
boosting_raw,0.59,10068,597,0.05929678188319428,0.9199532597153073,0.9945472266835178,0.014008618734939667,0.04518523560721125,0.896414342629482,0.7537688442211056,450,52,147,9419,60,59,1,0.9833333333333333,8.117261744915254,8.730233233333333,69,5,0.927536231884058,6.991666666666666,0.7151370679380215,502
boosting_raw,0.61,10068,597,0.05929678188319428,0.9199532597153073,0.9945472266835178,0.014008618734939667,0.04518523560721125,0.89738430583501,0.7470686767169179,446,51,151,9420,60,59,1,0.9833333333333333,8.10031259237288,8.629513433333333,71,5,0.9295774647887324,6.991666666666666,0.7151370679380215,497
boosting_raw,0.63,10068,597,0.05929678188319428,0.9199532597153073,0.9945472266835178,0.014008618734939667,0.04518523560721125,0.9020833333333333,0.7252931323283082,433,47,164,9424,60,59,1,0.9833333333333333,8.032515982203389,8.575508783333333,72,5,0.9305555555555556,6.991666666666666,0.7151370679380215,480
boosting_raw,0.65,10068,597,0.05929678188319428,0.9199532597153073,0.9945472266835178,0.014008618734939667,0.04518523560721125,0.9063829787234042,0.7135678391959799,426,44,171,9427,60,59,1,0.9833333333333333,7.930821066949152,8.575508783333333,71,5,0.9295774647887324,6.991666666666666,0.7151370679380215,470
boosting_raw,0.67,10068,597,0.05929678188319428,0.9199532597153073,0.9945472266835178,0.014008618734939667,0.04518523560721125,0.9142857142857143,0.6968174204355109,416,39,181,9432,60,58,2,0.9666666666666667,7.890269637931034,8.494504341666666,69,4,0.9420289855072463,6.991666666666666,0.5721096543504172,455
boosting_raw,0.6900000000000001,10068,597,0.05929678188319428,0.9199532597153073,0.9945472266835178,0.014008618734939667,0.04518523560721125,0.9181818181818182,0.6767169179229481,404,36,193,9435,60,58,2,0.9666666666666667,7.80406274137931,8.494504341666666,65,2,0.9692307692307692,6.991666666666666,0.2860548271752086,440
boosting_raw,0.7100000000000001,10068,597,0.05929678188319428,0.9199532597153073,0.9945472266835178,0.014008618734939667,0.04518523560721125,0.9230769230769231,0.6432160804020101,384,32,213,9439,60,57,3,0.95,7.65009637368421,8.47487915,65,1,0.9846153846153847,6.991666666666666,0.1430274135876043,416
boosting_raw,0.73,10068,597,0.05929678188319428,0.9199532597153073,0.9945472266835178,0.014008618734939667,0.04518523560721125,0.9287469287469288,0.6331658291457286,378,29,219,9442,60,57,3,0.95,7.579920935087719,8.1317032,63,1,0.9841269841269841,6.991666666666666,0.1430274135876043,407
boosting_raw,0.75,10068,597,0.05929678188319428,0.9199532597153073,0.9945472266835178,0.014008618734939667,0.04518523560721125,0.9319899244332494,0.6197654941373534,370,27,227,9444,60,57,3,0.95,7.509745496491227,8.1317032,61,1,0.9836065573770492,6.991666666666666,0.1430274135876043,397
boosting_raw,0.77,10068,597,0.05929678188319428,0.9199532597153073,0.9945472266835178,0.014008618734939667,0.04518523560721125,0.9354838709677419,0.5829145728643216,348,24,249,9447,60,55,5,0.9166666666666666,7.285876165151515,7.7608369999999995,58,2,0.9655172413793104,6.991666666666666,0.2860548271752086,372
boosting_raw,0.79,10068,597,0.05929678188319428,0.9199532597153073,0.9945472266835178,0.014008618734939667,0.04518523560721125,0.9331476323119777,0.5611390284757118,335,24,262,9447,60,53,7,0.8833333333333333,7.158974872327044,7.61964,57,2,0.9649122807017544,6.991666666666666,0.2860548271752086,359
boosting_raw,0.81,10068,597,0.05929678188319428,0.9199532597153073,0.9945472266835178,0.014008618734939667,0.04518523560721125,0.945619335347432,0.52428810720268,313,18,284,9453,60,51,9,0.85,7.041663694444444,7.531886683333334,57,0,1.0,6.991666666666666,0.0,331
boosting_raw,0.8300000000000001,10068,597,0.05929678188319428,0.9199532597153073,0.9945472266835178,0.014008618734939667,0.04518523560721125,0.9577922077922078,0.49413735343383586,295,13,302,9458,60,50,10,0.8333333333333334,6.810401992999999,7.549807283333333,55,0,1.0,6.991666666666666,0.0,308
boosting_raw,0.85,10068,597,0.05929678188319428,0.9199532597153073,0.9945472266835178,0.014008618734939667,0.04518523560721125,0.9619377162629758,0.4656616415410385,278,11,319,9460,60,46,14,0.7666666666666667,7.00464838115942,7.571618333333333,52,0,1.0,6.991666666666666,0.0,289
boosting_raw,0.87,10068,597,0.05929678188319428,0.9199532597153073,0.9945472266835178,0.014008618734939667,0.04518523560721125,0.9701492537313433,0.4355108877721943,260,8,337,9463,60,46,14,0.7666666666666667,6.917691859420289,7.571618333333333,53,0,1.0,6.991666666666666,0.0,268
boosting_raw,0.89,10068,597,0.05929678188319428,0.9199532597153073,0.9945472266835178,0.014008618734939667,0.04518523560721125,0.9833333333333333,0.3953098827470687,236,4,361,9467,60,44,16,0.7333333333333333,6.7283933920454535,7.491960558333334,48,0,1.0,6.991666666666666,0.0,240
boosting_raw,0.91,10068,597,0.05929678188319428,0.9199532597153073,0.9945472266835178,0.014008618734939667,0.04518523560721125,0.9853658536585366,0.33835845896147404,202,3,395,9468,60,36,24,0.6,6.712742167592591,7.200769133333334,38,0,1.0,6.991666666666666,0.0,205
boosting_raw,0.93,10068,597,0.05929678188319428,0.9199532597153073,0.9945472266835178,0.014008618734939667,0.04518523560721125,0.9887640449438202,0.2948073701842546,176,2,421,9469,60,30,30,0.5,6.981335597222222,7.598620658333333,34,0,1.0,6.991666666666666,0.0,178
boosting_raw,0.9500000000000001,10068,597,0.05929678188319428,0.9199532597153073,0.9945472266835178,0.014008618734939667,0.04518523560721125,1.0,0.20268006700167504,121,0,476,9471,60,24,36,0.4,6.576540033333333,6.943078941666666,26,0,1.0,6.991666666666666,0.0,121
boosting_raw,0.97,10068,597,0.05929678188319428,0.9199532597153073,0.9945472266835178,0.014008618734939667,0.04518523560721125,1.0,0.12562814070351758,75,0,522,9471,60,15,45,0.25,7.123690485555556,7.06655345,15,0,1.0,6.991666666666666,0.0,75
boosting_raw,0.99,10068,597,0.05929678188319428,0.9199532597153073,0.9945472266835178,0.014008618734939667,0.04518523560721125,1.0,0.011725293132328308,7,0,590,9471,60,4,56,0.06666666666666667,7.212497008333333,7.176269975,5,0,1.0,6.991666666666666,0.0,7
boosting_raw,1.0,10068,597,0.05929678188319428,0.9199532597153073,0.9945472266835178,0.014008618734939667,0.04518523560721125,,0.0,0,0,597,9471,60,0,60,0.0,,,0,0,,6.991666666666666,0.0,0
boosting_sigmoid,0.0,10068,597,0.05929678188319428,0.9199532597153073,0.9945472266835178,0.014065755776273437,0.04520560710188585,0.05929678188319428,1.0,597,9471,0,0,60,60,0,1.0,9.482712505555556,9.510705399999999,12,0,1.0,6.991666666666666,0.0,10068
boosting_sigmoid,0.01,10068,597,0.05929678188319428,0.9199532597153073,0.9945472266835178,0.014065755776273437,0.04520560710188585,0.5307212822796082,0.998324958123953,596,527,1,8944,60,60,0,1.0,9.46604583888889,9.502520508333333,66,6,0.9090909090909091,6.991666666666666,0.8581644815256257,1123
boosting_sigmoid,0.03,10068,597,0.05929678188319428,0.9199532597153073,0.9945472266835178,0.014065755776273437,0.04520560710188585,0.6014344262295082,0.983249581239531,587,389,10,9082,60,60,0,1.0,9.31604583888889,9.492811116666667,67,7,0.8955223880597015,6.991666666666666,1.0011918951132301,976
boosting_sigmoid,0.05,10068,597,0.05929678188319428,0.9199532597153073,0.9945472266835178,0.014065755776273437,0.04520560710188585,0.6419068736141907,0.9698492462311558,579,323,18,9148,60,60,0,1.0,9.21604583888889,9.492811116666667,70,9,0.8714285714285714,6.991666666666666,1.2872467222884387,902
boosting_sigmoid,0.06999999999999999,10068,597,0.05929678188319428,0.9199532597153073,0.9945472266835178,0.014065755776273437,0.04520560710188585,0.6678240740740741,0.966499162479062,577,287,20,9184,60,60,0,1.0,9.182712505555555,9.46835525,69,8,0.8840579710144928,6.991666666666666,1.1442193087008343,864
boosting_sigmoid,0.09,10068,597,0.05929678188319428,0.9199532597153073,0.9945472266835178,0.014065755776273437,0.04520560710188585,0.6828978622327792,0.9631490787269682,575,267,22,9204,60,60,0,1.0,9.149379172222222,9.460094383333335,68,7,0.8970588235294118,6.991666666666666,1.0011918951132301,842
boosting_sigmoid,0.11,10068,597,0.05929678188319428,0.9199532597153073,0.9945472266835178,0.014065755776273437,0.04520560710188585,0.6942752740560292,0.9547738693467337,570,251,27,9220,60,60,0,1.0,9.132712505555556,9.460094383333335,70,8,0.8857142857142857,6.991666666666666,1.1442193087008343,821
boosting_sigmoid,0.13,10068,597,0.05929678188319428,0.9199532597153073,0.9945472266835178,0.014065755776273437,0.04520560710188585,0.7021013597033374,0.9514237855946399,568,241,29,9230,60,60,0,1.0,9.116045838888889,9.460094383333335,72,10,0.8611111111111112,6.991666666666666,1.430274135876043,809
boosting_sigmoid,0.15000000000000002,10068,597,0.05929678188319428,0.9199532597153073,0.9945472266835178,0.014065755776273437,0.04520560710188585,0.7170050761421319,0.9463986599664992,565,223,32,9248,60,60,0,1.0,9.06604583888889,9.38259295,71,9,0.8732394366197183,6.991666666666666,1.2872467222884387,788
boosting_sigmoid,0.17,10068,597,0.05929678188319428,0.9199532597153073,0.9945472266835178,0.014065755776273437,0.04520560710188585,0.7242268041237113,0.9413735343383585,562,214,35,9257,60,60,0,1.0,9.016045838888889,9.38259295,71,9,0.8732394366197183,6.991666666666666,1.2872467222884387,776
boosting_sigmoid,0.19,10068,597,0.05929678188319428,0.9199532597153073,0.9945472266835178,0.014065755776273437,0.04520560710188585,0.7288359788359788,0.9229480737018425,551,205,46,9266,60,60,0,1.0,8.899379172222222,9.270152875,72,9,0.875,6.991666666666666,1.2872467222884387,756
boosting_sigmoid,0.21000000000000002,10068,597,0.05929678188319428,0.9199532597153073,0.9945472266835178,0.014065755776273437,0.04520560710188585,0.7315436241610739,0.9128978224455612,545,200,52,9271,60,60,0,1.0,8.882712505555556,9.270152875,76,11,0.8552631578947368,6.991666666666666,1.5733015494636473,745
boosting_sigmoid,0.23,10068,597,0.05929678188319428,0.9199532597153073,0.9945472266835178,0.014065755776273437,0.04520560710188585,0.7431693989071039,0.9112227805695142,544,188,53,9283,60,60,0,1.0,8.882712505555556,9.270152875,76,11,0.8552631578947368,6.991666666666666,1.5733015494636473,732
boosting_sigmoid,0.25,10068,597,0.05929678188319428,0.9199532597153073,0.9945472266835178,0.014065755776273437,0.04520560710188585,0.7538461538461538,0.9028475711892797,539,176,58,9295,60,60,0,1.0,8.81604583888889,9.270152875,76,12,0.8421052631578947,6.991666666666666,1.7163289630512515,715
boosting_sigmoid,0.27,10068,597,0.05929678188319428,0.9199532597153073,0.9945472266835178,0.014065755776273437,0.04520560710188585,0.7621082621082621,0.8961474036850922,535,167,62,9304,60,60,0,1.0,8.782712505555557,9.268649783333334,80,15,0.8125,6.991666666666666,2.1454112038140645,702
boosting_sigmoid,0.29000000000000004,10068,597,0.05929678188319428,0.9199532597153073,0.9945472266835178,0.014065755776273437,0.04520560710188585,0.7740524781341108,0.8894472361809045,531,155,66,9316,60,60,0,1.0,8.749379172222223,9.258219116666666,77,14,0.8181818181818182,6.991666666666666,2.0023837902264603,686
boosting_sigmoid,0.31,10068,597,0.05929678188319428,0.9199532597153073,0.9945472266835178,0.014065755776273437,0.04520560710188585,0.7799113737075333,0.8844221105527639,528,149,69,9322,60,60,0,1.0,8.732712505555556,9.258219116666666,77,14,0.8181818181818182,6.991666666666666,2.0023837902264603,677
boosting_sigmoid,0.33,10068,597,0.05929678188319428,0.9199532597153073,0.9945472266835178,0.014065755776273437,0.04520560710188585,0.7862481315396114,0.88107202680067,526,143,71,9328,60,60,0,1.0,8.71604583888889,9.236542925000002,74,11,0.8513513513513513,6.991666666666666,1.5733015494636473,669
boosting_sigmoid,0.35000000000000003,10068,597,0.05929678188319428,0.9199532597153073,0.9945472266835178,0.014065755776273437,0.04520560710188585,0.789712556732224,0.8743718592964824,522,139,75,9332,60,60,0,1.0,8.699379172222223,9.213821633333334,74,9,0.8783783783783784,6.991666666666666,1.2872467222884387,661
boosting_sigmoid,0.37,10068,597,0.05929678188319428,0.9199532597153073,0.9945472266835178,0.014065755776273437,0.04520560710188585,0.7966101694915254,0.8659966499162479,517,132,80,9339,60,60,0,1.0,8.66604583888889,9.176506808333333,75,10,0.8666666666666667,6.991666666666666,1.430274135876043,649
boosting_sigmoid,0.39,10068,597,0.05929678188319428,0.9199532597153073,0.9945472266835178,0.014065755776273437,0.04520560710188585,0.8056426332288401,0.8609715242881072,514,124,83,9347,60,60,0,1.0,8.649379172222222,9.140592833333333,75,11,0.8533333333333334,6.991666666666666,1.5733015494636473,638
boosting_sigmoid,0.41000000000000003,10068,597,0.05929678188319428,0.9199532597153073,0.9945472266835178,0.014065755776273437,0.04520560710188585,0.8133971291866029,0.8542713567839196,510,117,87,9354,60,60,0,1.0,8.632712505555556,9.140592833333333,74,10,0.8648648648648649,6.991666666666666,1.430274135876043,627
boosting_sigmoid,0.43,10068,597,0.05929678188319428,0.9199532597153073,0.9945472266835178,0.014065755776273437,0.04520560710188585,0.8155339805825242,0.8442211055276382,504,114,93,9357,60,60,0,1.0,8.582712505555556,9.140592833333333,74,10,0.8648648648648649,6.991666666666666,1.430274135876043,618
boosting_sigmoid,0.45,10068,597,0.05929678188319428,0.9199532597153073,0.9945472266835178,0.014065755776273437,0.04520560710188585,0.8286189683860233,0.8341708542713567,498,103,99,9368,60,60,0,1.0,8.56604583888889,9.140592833333333,77,10,0.8701298701298701,6.991666666666666,1.430274135876043,601
boosting_sigmoid,0.47000000000000003,10068,597,0.05929678188319428,0.9199532597153073,0.9945472266835178,0.014065755776273437,0.04520560710188585,0.8392554991539763,0.830820770519263,496,95,101,9376,60,60,0,1.0,8.549379172222222,9.125039208333334,75,8,0.8933333333333333,6.991666666666666,1.1442193087008343,591
boosting_sigmoid,0.49,10068,597,0.05929678188319428,0.9199532597153073,0.9945472266835178,0.014065755776273437,0.04520560710188585,0.8421955403087479,0.8224455611390284,491,92,106,9379,60,60,0,1.0,8.499379172222222,9.092821924999999,70,5,0.9285714285714286,6.991666666666666,0.7151370679380215,583
boosting_sigmoid,0.51,10068,597,0.05929678188319428,0.9199532597153073,0.9945472266835178,0.014065755776273437,0.04520560710188585,0.8516579406631762,0.8174204355108877,488,85,109,9386,60,60,0,1.0,8.466045838888888,9.055430416666667,69,4,0.9420289855072463,6.991666666666666,0.5721096543504172,573
boosting_sigmoid,0.53,10068,597,0.05929678188319428,0.9199532597153073,0.9945472266835178,0.014065755776273437,0.04520560710188585,0.8645276292335116,0.8123953098827471,485,76,112,9395,60,60,0,1.0,8.416045838888888,9.043514291666668,70,5,0.9285714285714286,6.991666666666666,0.7151370679380215,561
boosting_sigmoid,0.55,10068,597,0.05929678188319428,0.9199532597153073,0.9945472266835178,0.014065755776273437,0.04520560710188585,0.8664259927797834,0.8040201005025126,480,74,117,9397,60,60,0,1.0,8.382712505555554,9.043514291666668,69,4,0.9420289855072463,6.991666666666666,0.5721096543504172,554
boosting_sigmoid,0.5700000000000001,10068,597,0.05929678188319428,0.9199532597153073,0.9945472266835178,0.014065755776273437,0.04520560710188585,0.8736263736263736,0.7989949748743719,477,69,120,9402,60,60,0,1.0,8.366045838888889,9.043514291666668,71,5,0.9295774647887324,6.991666666666666,0.7151370679380215,546
boosting_sigmoid,0.59,10068,597,0.05929678188319428,0.9199532597153073,0.9945472266835178,0.014065755776273437,0.04520560710188585,0.8799249530956847,0.7855946398659966,469,64,128,9407,60,60,0,1.0,8.299379172222222,8.8547016,71,4,0.9436619718309859,6.991666666666666,0.5721096543504172,533
boosting_sigmoid,0.61,10068,597,0.05929678188319428,0.9199532597153073,0.9945472266835178,0.014065755776273437,0.04520560710188585,0.887378640776699,0.7654941373534339,457,58,140,9413,60,60,0,1.0,8.099379172222221,8.745535116666666,69,4,0.9420289855072463,6.991666666666666,0.5721096543504172,515
boosting_sigmoid,0.63,10068,597,0.05929678188319428,0.9199532597153073,0.9945472266835178,0.014065755776273437,0.04520560710188585,0.896414342629482,0.7537688442211056,450,52,147,9419,60,59,1,0.9833333333333333,8.117261744915254,8.730233233333333,69,5,0.927536231884058,6.991666666666666,0.7151370679380215,502
boosting_sigmoid,0.65,10068,597,0.05929678188319428,0.9199532597153073,0.9945472266835178,0.014065755776273437,0.04520560710188585,0.89738430583501,0.7470686767169179,446,51,151,9420,60,59,1,0.9833333333333333,8.10031259237288,8.629513433333333,71,5,0.9295774647887324,6.991666666666666,0.7151370679380215,497
boosting_sigmoid,0.67,10068,597,0.05929678188319428,0.9199532597153073,0.9945472266835178,0.014065755776273437,0.04520560710188585,0.9008264462809917,0.7303182579564489,436,48,161,9423,60,59,1,0.9833333333333333,8.049465134745763,8.575508783333333,72,5,0.9305555555555556,6.991666666666666,0.7151370679380215,484
boosting_sigmoid,0.6900000000000001,10068,597,0.05929678188319428,0.9199532597153073,0.9945472266835178,0.014065755776273437,0.04520560710188585,0.9050632911392406,0.7185929648241206,429,45,168,9426,60,59,1,0.9833333333333333,7.947770219491525,8.575508783333333,71,6,0.9154929577464789,6.991666666666666,0.8581644815256257,474
boosting_sigmoid,0.7100000000000001,10068,597,0.05929678188319428,0.9199532597153073,0.9945472266835178,0.014065755776273437,0.04520560710188585,0.9096774193548387,0.7085427135678392,423,42,174,9429,60,59,1,0.9833333333333333,7.896922761864406,8.575508783333333,70,4,0.9428571428571428,6.991666666666666,0.5721096543504172,465
boosting_sigmoid,0.73,10068,597,0.05929678188319428,0.9199532597153073,0.9945472266835178,0.014065755776273437,0.04520560710188585,0.9157427937915743,0.6917922948073701,413,38,184,9433,60,58,2,0.9666666666666667,7.873028258620689,8.494504341666666,68,3,0.9558823529411765,6.991666666666666,0.42908224076281287,451
boosting_sigmoid,0.75,10068,597,0.05929678188319428,0.9199532597153073,0.9945472266835178,0.014065755776273437,0.04520560710188585,0.9202733485193622,0.6767169179229481,404,35,193,9436,60,58,2,0.9666666666666667,7.80406274137931,8.494504341666666,65,2,0.9692307692307692,6.991666666666666,0.2860548271752086,439
boosting_sigmoid,0.77,10068,597,0.05929678188319428,0.9199532597153073,0.9945472266835178,0.014065755776273437,0.04520560710188585,0.9210526315789473,0.644891122278057,385,33,212,9438,60,57,3,0.95,7.65009637368421,8.47487915,67,2,0.9701492537313433,6.991666666666666,0.2860548271752086,418
boosting_sigmoid,0.79,10068,597,0.05929678188319428,0.9199532597153073,0.9945472266835178,0.014065755776273437,0.04520560710188585,0.9243902439024391,0.6348408710217756,379,31,218,9440,60,57,3,0.95,7.597464794736841,8.1317032,63,1,0.9841269841269841,6.991666666666666,0.1430274135876043,410
boosting_sigmoid,0.81,10068,597,0.05929678188319428,0.9199532597153073,0.9945472266835178,0.014065755776273437,0.04520560710188585,0.9323308270676691,0.6231155778894473,372,27,225,9444,60,57,3,0.95,7.509745496491227,8.1317032,60,1,0.9833333333333333,6.991666666666666,0.1430274135876043,399
boosting_sigmoid,0.8300000000000001,10068,597,0.05929678188319428,0.9199532597153073,0.9945472266835178,0.014065755776273437,0.04520560710188585,0.937007874015748,0.5979899497487438,357,24,240,9447,60,55,5,0.9166666666666666,7.413148892424242,7.8458626,60,2,0.9666666666666667,6.991666666666666,0.2860548271752086,381
boosting_sigmoid,0.85,10068,597,0.05929678188319428,0.9199532597153073,0.9945472266835178,0.014065755776273437,0.04520560710188585,0.9337016574585635,0.5661641541038526,338,24,259,9447,60,53,7,0.8833333333333333,7.234446570440252,7.7608369999999995,57,2,0.9649122807017544,6.991666666666666,0.2860548271752086,362
boosting_sigmoid,0.87,10068,597,0.05929678188319428,0.9199532597153073,0.9945472266835178,0.014065755776273437,0.04520560710188585,0.9380530973451328,0.5326633165829145,318,21,279,9450,60,51,9,0.85,7.1004872238562085,7.604748766666666,59,2,0.9661016949152542,6.991666666666666,0.2860548271752086,339
boosting_sigmoid,0.89,10068,597,0.05929678188319428,0.9199532597153073,0.9945472266835178,0.014065755776273437,0.04520560710188585,0.9556962025316456,0.5058626465661642,302,14,295,9457,60,50,10,0.8333333333333334,6.970401992999999,7.549807283333333,57,0,1.0,6.991666666666666,0.0,316
boosting_sigmoid,0.91,10068,597,0.05929678188319428,0.9199532597153073,0.9945472266835178,0.014065755776273437,0.04520560710188585,0.9620689655172414,0.46733668341708545,279,11,318,9460,60,46,14,0.7666666666666667,7.00464838115942,7.571618333333333,51,0,1.0,6.991666666666666,0.0,290
boosting_sigmoid,0.93,10068,597,0.05929678188319428,0.9199532597153073,0.9945472266835178,0.014065755776273437,0.04520560710188585,0.9732824427480916,0.4271356783919598,255,7,342,9464,60,46,14,0.7666666666666667,6.874213598550724,7.571618333333333,52,0,1.0,6.991666666666666,0.0,262
boosting_sigmoid,0.9500000000000001,10068,597,0.05929678188319428,0.9199532597153073,0.9945472266835178,0.014065755776273437,0.04520560710188585,0.9866666666666667,0.37185929648241206,222,3,375,9468,60,41,19,0.6833333333333333,6.754817195934958,7.531886683333334,45,0,1.0,6.991666666666666,0.0,225
boosting_sigmoid,0.97,10068,597,0.05929678188319428,0.9199532597153073,0.9945472266835178,0.014065755776273437,0.04520560710188585,0.9884393063583815,0.2864321608040201,171,2,426,9469,60,30,30,0.5,6.8146689305555554,7.259293941666667,32,0,1.0,6.991666666666666,0.0,173
boosting_sigmoid,0.99,10068,597,0.05929678188319428,0.9199532597153073,0.9945472266835178,0.014065755776273437,0.04520560710188585,1.0,0.1306532663316583,78,0,519,9471,60,16,44,0.26666666666666666,6.937802484375,6.943078941666666,16,0,1.0,6.991666666666666,0.0,78
boosting_sigmoid,1.0,10068,597,0.05929678188319428,0.9199532597153073,0.9945472266835178,0.014065755776273437,0.04520560710188585,,0.0,0,0,597,9471,60,0,60,0.0,,,0,0,,6.991666666666666,0.0,0
logistic_raw,0.0,10068,597,0.05929678188319428,0.649669510742927,0.9786197379039638,0.028435522093067215,0.08636877555801963,0.05929678188319428,1.0,597,9471,0,0,60,60,0,1.0,9.482712505555556,9.510705399999999,12,0,1.0,6.991666666666666,0.0,10068
logistic_raw,0.01,10068,597,0.05929678188319428,0.649669510742927,0.9786197379039638,0.028435522093067215,0.08636877555801963,0.3135504201680672,1.0,597,1307,0,8164,60,60,0,1.0,9.482712505555556,9.510705399999999,85,25,0.7058823529411765,6.991666666666666,3.5756853396901076,1904
logistic_raw,0.03,10068,597,0.05929678188319428,0.649669510742927,0.9786197379039638,0.028435522093067215,0.08636877555801963,0.37697659709044906,0.998324958123953,596,985,1,8486,60,60,0,1.0,9.482712505555556,9.510705399999999,71,11,0.8450704225352113,6.991666666666666,1.5733015494636473,1581
logistic_raw,0.05,10068,597,0.05929678188319428,0.649669510742927,0.9786197379039638,0.028435522093067215,0.08636877555801963,0.41041666666666665,0.9899497487437185,591,849,6,8622,60,60,0,1.0,9.482712505555556,9.510705399999999,69,8,0.8840579710144928,6.991666666666666,1.1442193087008343,1440
logistic_raw,0.06999999999999999,10068,597,0.05929678188319428,0.649669510742927,0.9786197379039638,0.028435522093067215,0.08636877555801963,0.43161764705882355,0.983249581239531,587,773,10,8698,60,60,0,1.0,9.482712505555556,9.510705399999999,76,14,0.8157894736842105,6.991666666666666,2.0023837902264603,1360
logistic_raw,0.09,10068,597,0.05929678188319428,0.649669510742927,0.9786197379039638,0.028435522093067215,0.08636877555801963,0.45347928068803756,0.9715242881072027,580,699,17,8772,60,60,0,1.0,9.482712505555556,9.510705399999999,80,18,0.775,6.991666666666666,2.5744934445768775,1279
logistic_raw,0.11,10068,597,0.05929678188319428,0.649669510742927,0.9786197379039638,0.028435522093067215,0.08636877555801963,0.4725184577522559,0.964824120603015,576,643,21,8828,60,60,0,1.0,9.482712505555556,9.510705399999999,77,15,0.8051948051948052,6.991666666666666,2.1454112038140645,1219
logistic_raw,0.13,10068,597,0.05929678188319428,0.649669510742927,0.9786197379039638,0.028435522093067215,0.08636877555801963,0.4896013864818024,0.9463986599664992,565,589,32,8882,60,60,0,1.0,9.46604583888889,9.510705399999999,81,18,0.7777777777777778,6.991666666666666,2.5744934445768775,1154
logistic_raw,0.15000000000000002,10068,597,0.05929678188319428,0.649669510742927,0.9786197379039638,0.028435522093067215,0.08636877555801963,0.5045045045045045,0.9380234505862647,560,550,37,8921,60,60,0,1.0,9.432712505555555,9.492811116666667,84,20,0.7619047619047619,6.991666666666666,2.860548271752086,1110
logistic_raw,0.17,10068,597,0.05929678188319428,0.649669510742927,0.9786197379039638,0.028435522093067215,0.08636877555801963,0.5155513666352498,0.916247906197655,547,514,50,8957,60,60,0,1.0,9.399379172222222,9.481370816666667,85,20,0.7647058823529411,6.991666666666666,2.860548271752086,1061
logistic_raw,0.19,10068,597,0.05929678188319428,0.649669510742927,0.9786197379039638,0.028435522093067215,0.08636877555801963,0.5282101167315175,0.9095477386934674,543,485,54,8986,60,60,0,1.0,9.399379172222222,9.481370816666667,87,22,0.7471264367816092,6.991666666666666,3.1466030989272946,1028
logistic_raw,0.21000000000000002,10068,597,0.05929678188319428,0.649669510742927,0.9786197379039638,0.028435522093067215,0.08636877555801963,0.5399393326592518,0.8944723618090452,534,455,63,9016,60,60,0,1.0,9.399379172222222,9.481370816666667,85,17,0.8,6.991666666666666,2.4314660309892733,989
logistic_raw,0.23,10068,597,0.05929678188319428,0.649669510742927,0.9786197379039638,0.028435522093067215,0.08636877555801963,0.5447916666666667,0.8760469011725294,523,437,74,9034,60,60,0,1.0,9.382712505555556,9.481370816666667,87,17,0.8045977011494253,6.991666666666666,2.4314660309892733,960
logistic_raw,0.25,10068,597,0.05929678188319428,0.649669510742927,0.9786197379039638,0.028435522093067215,0.08636877555801963,0.5616883116883117,0.8693467336683417,519,405,78,9066,60,60,0,1.0,9.382712505555556,9.481370816666667,91,21,0.7692307692307693,6.991666666666666,3.0035756853396904,924
logistic_raw,0.27,10068,597,0.05929678188319428,0.649669510742927,0.9786197379039638,0.028435522093067215,0.08636877555801963,0.5727170236753101,0.8509212730318257,508,379,89,9092,60,60,0,1.0,9.366045838888889,9.481370816666667,91,20,0.7802197802197802,6.991666666666666,2.860548271752086,887
logistic_raw,0.29000000000000004,10068,597,0.05929678188319428,0.649669510742927,0.9786197379039638,0.028435522093067215,0.08636877555801963,0.5822485207100592,0.8241206030150754,492,353,105,9118,60,60,0,1.0,9.232712505555556,9.46835525,97,22,0.7731958762886598,6.991666666666666,3.1466030989272946,845
logistic_raw,0.31,10068,597,0.05929678188319428,0.649669510742927,0.9786197379039638,0.028435522093067215,0.08636877555801963,0.5859085290482077,0.7939698492462312,474,335,123,9136,60,60,0,1.0,9.16604583888889,9.46835525,98,23,0.7653061224489796,6.991666666666666,3.289630512514899,809
logistic_raw,0.33,10068,597,0.05929678188319428,0.649669510742927,0.9786197379039638,0.028435522093067215,0.08636877555801963,0.6023468057366362,0.7738693467336684,462,305,135,9166,60,60,0,1.0,9.149379172222222,9.46835525,99,24,0.7575757575757576,6.991666666666666,3.432657926102503,767
logistic_raw,0.35000000000000003,10068,597,0.05929678188319428,0.649669510742927,0.9786197379039638,0.028435522093067215,0.08636877555801963,0.6084583901773534,0.7470686767169179,446,287,151,9184,60,58,2,0.9666666666666667,9.191854447413792,9.46835525,98,22,0.7755102040816326,6.991666666666666,3.1466030989272946,733
logistic_raw,0.37,10068,597,0.05929678188319428,0.649669510742927,0.9786197379039638,0.028435522093067215,0.08636877555801963,0.6151645207439199,0.7202680067001676,430,269,167,9202,60,58,2,0.9666666666666667,9.157371688793104,9.46835525,99,20,0.797979797979798,6.991666666666666,2.860548271752086,699
logistic_raw,0.39,10068,597,0.05929678188319428,0.649669510742927,0.9786197379039638,0.028435522093067215,0.08636877555801963,0.6278713629402757,0.6867671691792295,410,243,187,9228,60,57,3,0.95,9.058537256432748,9.46183135,97,21,0.7835051546391752,6.991666666666666,3.0035756853396904,653
logistic_raw,0.41000000000000003,10068,597,0.05929678188319428,0.649669510742927,0.9786197379039638,0.028435522093067215,0.08636877555801963,0.6463022508038585,0.6733668341708543,402,220,195,9251,60,57,3,0.95,9.023449537134503,9.46183135,95,19,0.8,6.991666666666666,2.7175208581644816,622
logistic_raw,0.43,10068,597,0.05929678188319428,0.649669510742927,0.9786197379039638,0.028435522093067215,0.08636877555801963,0.6490630323679727,0.6381909547738693,381,206,216,9265,60,57,3,0.95,8.830467080994152,9.452034433333333,99,22,0.7777777777777778,6.991666666666666,3.1466030989272946,587
logistic_raw,0.45,10068,597,0.05929678188319428,0.649669510742927,0.9786197379039638,0.028435522093067215,0.08636877555801963,0.6593001841620626,0.5996649916247906,358,185,239,9286,60,55,5,0.9166666666666666,8.795118579090907,9.452034433333333,93,16,0.8279569892473119,6.991666666666666,2.2884386174016687,543
logistic_raw,0.47000000000000003,10068,597,0.05929678188319428,0.649669510742927,0.9786197379039638,0.028435522093067215,0.08636877555801963,0.656188605108055,0.559463986599665,334,175,263,9296,60,55,5,0.9166666666666666,8.486027669999999,9.286178516666666,97,21,0.7835051546391752,6.991666666666666,3.0035756853396904,509
logistic_raw,0.49,10068,597,0.05929678188319428,0.649669510742927,0.9786197379039638,0.028435522093067215,0.08636877555801963,0.6694560669456067,0.5360134003350083,320,158,277,9313,60,55,5,0.9166666666666666,8.413300397272726,9.2859865,98,21,0.7857142857142857,6.991666666666666,3.0035756853396904,478
logistic_raw,0.51,10068,597,0.05929678188319428,0.649669510742927,0.9786197379039638,0.028435522093067215,0.08636877555801963,0.6628959276018099,0.490787269681742,293,149,304,9322,60,54,6,0.9,8.400999577160492,9.278228591666668,96,22,0.7708333333333334,6.991666666666666,3.1466030989272946,442
logistic_raw,0.53,10068,597,0.05929678188319428,0.649669510742927,0.9786197379039638,0.028435522093067215,0.08636877555801963,0.6714975845410628,0.4656616415410385,278,136,319,9335,60,53,7,0.8833333333333333,8.059982981446542,9.270470683333334,92,22,0.7608695652173914,6.991666666666666,3.1466030989272946,414
logistic_raw,0.55,10068,597,0.05929678188319428,0.649669510742927,0.9786197379039638,0.028435522093067215,0.08636877555801963,0.6798941798941799,0.4304857621440536,257,121,340,9350,60,50,10,0.8333333333333334,8.115907041333333,9.259722208333335,86,20,0.7674418604651163,6.991666666666666,2.860548271752086,378
logistic_raw,0.5700000000000001,10068,597,0.05929678188319428,0.649669510742927,0.9786197379039638,0.028435522093067215,0.08636877555801963,0.6927536231884058,0.40033500837520936,239,106,358,9365,60,50,10,0.8333333333333334,8.095907041333334,9.259722208333335,85,18,0.788235294117647,6.991666666666666,2.5744934445768775,345
logistic_raw,0.59,10068,597,0.05929678188319428,0.649669510742927,0.9786197379039638,0.028435522093067215,0.08636877555801963,0.6912751677852349,0.34505862646566166,206,92,391,9379,60,43,17,0.7166666666666667,8.128167553100775,9.248973733333335,78,20,0.7435897435897436,6.991666666666666,2.860548271752086,298
logistic_raw,0.61,10068,597,0.05929678188319428,0.649669510742927,0.9786197379039638,0.028435522093067215,0.08636877555801963,0.6855123674911661,0.3249581239530988,194,89,403,9382,60,40,20,0.6666666666666666,8.08796421125,9.259722208333335,75,20,0.7333333333333333,6.991666666666666,2.860548271752086,283
logistic_raw,0.63,10068,597,0.05929678188319428,0.649669510742927,0.9786197379039638,0.028435522093067215,0.08636877555801963,0.6875,0.2948073701842546,176,80,421,9391,60,38,22,0.6333333333333333,7.985030039035087,9.259722208333335,71,17,0.7605633802816901,6.991666666666666,2.4314660309892733,256
logistic_raw,0.65,10068,597,0.05929678188319428,0.649669510742927,0.9786197379039638,0.028435522093067215,0.08636877555801963,0.6991525423728814,0.27638190954773867,165,71,432,9400,60,36,24,0.6,7.898636368981482,9.259722208333335,64,14,0.78125,6.991666666666666,2.0023837902264603,236
logistic_raw,0.67,10068,597,0.05929678188319428,0.649669510742927,0.9786197379039638,0.028435522093067215,0.08636877555801963,0.7089201877934272,0.2529313232830821,151,62,446,9409,60,33,27,0.55,8.102305609090907,9.286178516666666,57,11,0.8070175438596491,6.991666666666666,1.5733015494636473,213
logistic_raw,0.6900000000000001,10068,597,0.05929678188319428,0.649669510742927,0.9786197379039638,0.028435522093067215,0.08636877555801963,0.7128205128205128,0.23283082077051925,139,56,458,9415,60,31,29,0.5166666666666667,8.503088831182797,9.286178516666666,50,8,0.84,6.991666666666666,1.1442193087008343,195
logistic_raw,0.7100000000000001,10068,597,0.05929678188319428,0.649669510742927,0.9786197379039638,0.028435522093067215,0.08636877555801963,0.7225433526011561,0.20938023450586266,125,48,472,9423,60,29,31,0.48333333333333334,8.560007748275861,9.286178516666666,47,8,0.8297872340425532,6.991666666666666,1.1442193087008343,173
logistic_raw,0.73,10068,597,0.05929678188319428,0.649669510742927,0.9786197379039638,0.028435522093067215,0.08636877555801963,0.7315436241610739,0.18257956448911222,109,40,488,9431,60,27,33,0.45,8.468848416666665,9.248973733333335,46,10,0.782608695652174,6.991666666666666,1.430274135876043,149
logistic_raw,0.75,10068,597,0.05929678188319428,0.649669510742927,0.9786197379039638,0.028435522093067215,0.08636877555801963,0.712,0.1490787269681742,89,36,508,9435,60,24,36,0.4,8.379266558333333,9.176506808333333,39,10,0.7435897435897436,6.991666666666666,1.430274135876043,125
logistic_raw,0.77,10068,597,0.05929678188319428,0.649669510742927,0.9786197379039638,0.028435522093067215,0.08636877555801963,0.719626168224299,0.12897822445561138,77,30,520,9441,60,22,38,0.36666666666666664,8.143538132575758,9.226252441666666,34,8,0.7647058823529411,6.991666666666666,1.1442193087008343,107
logistic_raw,0.79,10068,597,0.05929678188319428,0.649669510742927,0.9786197379039638,0.028435522093067215,0.08636877555801963,0.7127659574468085,0.11222780569514237,67,27,530,9444,60,21,39,0.35,7.671013593650794,9.20353115,31,8,0.7419354838709677,6.991666666666666,1.1442193087008343,94
logistic_raw,0.81,10068,597,0.05929678188319428,0.649669510742927,0.9786197379039638,0.028435522093067215,0.08636877555801963,0.7073170731707317,0.09715242881072027,58,24,539,9447,60,18,42,0.3,7.785971121296296,9.123126175,29,8,0.7241379310344828,6.991666666666666,1.1442193087008343,82
logistic_raw,0.8300000000000001,10068,597,0.05929678188319428,0.649669510742927,0.9786197379039638,0.028435522093067215,0.08636877555801963,0.7301587301587301,0.07705192629815745,46,17,551,9454,60,15,45,0.25,8.02223187111111,9.20353115,23,5,0.782608695652174,6.991666666666666,0.7151370679380215,63
logistic_raw,0.85,10068,597,0.05929678188319428,0.649669510742927,0.9786197379039638,0.028435522093067215,0.08636877555801963,0.7346938775510204,0.06030150753768844,36,13,561,9458,60,12,48,0.2,8.574094780555553,9.237000916666666,16,3,0.8125,6.991666666666666,0.42908224076281287,49
logistic_raw,0.87,10068,597,0.05929678188319428,0.649669510742927,0.9786197379039638,0.028435522093067215,0.08636877555801963,0.7027027027027027,0.04355108877721943,26,11,571,9460,60,9,51,0.15,8.806472355555556,9.604748766666667,11,2,0.8181818181818182,6.991666666666666,0.2860548271752086,37
logistic_raw,0.89,10068,597,0.05929678188319428,0.649669510742927,0.9786197379039638,0.028435522093067215,0.08636877555801963,0.7096774193548387,0.03685092127303183,22,9,575,9462,60,8,52,0.13333333333333333,9.083655462500001,9.619963583333334,11,2,0.8181818181818182,6.991666666666666,0.2860548271752086,31
logistic_raw,0.91,10068,597,0.05929678188319428,0.649669510742927,0.9786197379039638,0.028435522093067215,0.08636877555801963,0.75,0.03015075376884422,18,6,579,9465,60,7,53,0.11666666666666667,8.849332661904763,9.604748766666667,9,2,0.7777777777777778,6.991666666666666,0.2860548271752086,24
logistic_raw,0.93,10068,597,0.05929678188319428,0.649669510742927,0.9786197379039638,0.028435522093067215,0.08636877555801963,0.6666666666666666,0.01675041876046901,10,5,587,9466,60,5,55,0.08333333333333333,8.799402859999999,9.604748766666667,7,2,0.7142857142857143,6.991666666666666,0.2860548271752086,15
logistic_raw,0.9500000000000001,10068,597,0.05929678188319428,0.649669510742927,0.9786197379039638,0.028435522093067215,0.08636877555801963,0.6363636363636364,0.011725293132328308,7,4,590,9467,60,4,56,0.06666666666666667,8.098066383333332,8.919354775,6,2,0.6666666666666666,6.991666666666666,0.2860548271752086,11
logistic_raw,0.97,10068,597,0.05929678188319428,0.649669510742927,0.9786197379039638,0.028435522093067215,0.08636877555801963,1.0,0.0033500837520938024,2,0,595,9471,60,1,59,0.016666666666666666,7.6351784,7.6351784,1,0,1.0,6.991666666666666,0.0,2
logistic_raw,0.99,10068,597,0.05929678188319428,0.649669510742927,0.9786197379039638,0.028435522093067215,0.08636877555801963,,0.0,0,0,597,9471,60,0,60,0.0,,,0,0,,6.991666666666666,0.0,0
logistic_raw,1.0,10068,597,0.05929678188319428,0.649669510742927,0.9786197379039638,0.028435522093067215,0.08636877555801963,,0.0,0,0,597,9471,60,0,60,0.0,,,0,0,,6.991666666666666,0.0,0
logistic_sigmoid,0.0,10068,597,0.05929678188319428,0.6496695107429269,0.9786197379039638,0.028495816769245563,0.08614199611203872,0.05929678188319428,1.0,597,9471,0,0,60,60,0,1.0,9.482712505555556,9.510705399999999,12,0,1.0,6.991666666666666,0.0,10068
logistic_sigmoid,0.01,10068,597,0.05929678188319428,0.6496695107429269,0.9786197379039638,0.028495816769245563,0.08614199611203872,0.3333333333333333,1.0,597,1194,0,8277,60,60,0,1.0,9.482712505555556,9.510705399999999,76,16,0.7894736842105263,6.991666666666666,2.2884386174016687,1791
logistic_sigmoid,0.03,10068,597,0.05929678188319428,0.6496695107429269,0.9786197379039638,0.028495816769245563,0.08614199611203872,0.3954727030625832,0.9949748743718593,594,908,3,8563,60,60,0,1.0,9.482712505555556,9.510705399999999,74,14,0.8108108108108109,6.991666666666666,2.0023837902264603,1502
logistic_sigmoid,0.05,10068,597,0.05929678188319428,0.6496695107429269,0.9786197379039638,0.028495816769245563,0.08614199611203872,0.42363112391930835,0.9849246231155779,588,800,9,8671,60,60,0,1.0,9.482712505555556,9.510705399999999,73,11,0.8493150684931506,6.991666666666666,1.5733015494636473,1388
logistic_sigmoid,0.06999999999999999,10068,597,0.05929678188319428,0.6496695107429269,0.9786197379039638,0.028495816769245563,0.08614199611203872,0.4488067744418784,0.9765494137353434,583,716,14,8755,60,60,0,1.0,9.482712505555556,9.510705399999999,84,21,0.75,6.991666666666666,3.0035756853396904,1299
logistic_sigmoid,0.09,10068,597,0.05929678188319428,0.6496695107429269,0.9786197379039638,0.028495816769245563,0.08614199611203872,0.4668820678513732,0.9681742043551089,578,660,19,8811,60,60,0,1.0,9.482712505555556,9.510705399999999,84,22,0.7380952380952381,6.991666666666666,3.1466030989272946,1238
logistic_sigmoid,0.11,10068,597,0.05929678188319428,0.6496695107429269,0.9786197379039638,0.028495816769245563,0.08614199611203872,0.484201537147737,0.949748743718593,567,604,30,8867,60,60,0,1.0,9.46604583888889,9.510705399999999,81,19,0.7654320987654321,6.991666666666666,2.7175208581644816,1171
logistic_sigmoid,0.13,10068,597,0.05929678188319428,0.6496695107429269,0.9786197379039638,0.028495816769245563,0.08614199611203872,0.5022381378692927,0.9396984924623115,561,556,36,8915,60,60,0,1.0,9.449379172222223,9.502520508333333,82,18,0.7804878048780488,6.991666666666666,2.5744934445768775,1117
logistic_sigmoid,0.15000000000000002,10068,597,0.05929678188319428,0.6496695107429269,0.9786197379039638,0.028495816769245563,0.08614199611203872,0.5139925373134329,0.9229480737018425,551,521,46,8950,60,60,0,1.0,9.432712505555555,9.492811116666667,83,19,0.7710843373493976,6.991666666666666,2.7175208581644816,1072
logistic_sigmoid,0.17,10068,597,0.05929678188319428,0.6496695107429269,0.9786197379039638,0.028495816769245563,0.08614199611203872,0.5235803657362849,0.9112227805695142,544,495,53,8976,60,60,0,1.0,9.399379172222222,9.481370816666667,85,19,0.7764705882352941,6.991666666666666,2.7175208581644816,1039
logistic_sigmoid,0.19,10068,597,0.05929678188319428,0.6496695107429269,0.9786197379039638,0.028495816769245563,0.08614199611203872,0.535,0.8961474036850922,535,465,62,9006,60,60,0,1.0,9.399379172222222,9.481370816666667,88,20,0.7727272727272727,6.991666666666666,2.860548271752086,1000
logistic_sigmoid,0.21000000000000002,10068,597,0.05929678188319428,0.6496695107429269,0.9786197379039638,0.028495816769245563,0.08614199611203872,0.5434782608695652,0.8793969849246231,525,441,72,9030,60,60,0,1.0,9.382712505555556,9.481370816666667,85,16,0.8117647058823529,6.991666666666666,2.2884386174016687,966
logistic_sigmoid,0.23,10068,597,0.05929678188319428,0.6496695107429269,0.9786197379039638,0.028495816769245563,0.08614199611203872,0.5531914893617021,0.8710217755443886,520,420,77,9051,60,60,0,1.0,9.382712505555556,9.481370816666667,86,16,0.813953488372093,6.991666666666666,2.2884386174016687,940
logistic_sigmoid,0.25,10068,597,0.05929678188319428,0.6496695107429269,0.9786197379039638,0.028495816769245563,0.08614199611203872,0.565600882028666,0.8592964824120602,513,394,84,9077,60,60,0,1.0,9.366045838888889,9.481370816666667,94,21,0.776595744680851,6.991666666666666,3.0035756853396904,907
logistic_sigmoid,0.27,10068,597,0.05929678188319428,0.6496695107429269,0.9786197379039638,0.028495816769245563,0.08614199611203872,0.5779816513761468,0.8442211055276382,504,368,93,9103,60,60,0,1.0,9.31604583888889,9.481370816666667,93,22,0.7634408602150538,6.991666666666666,3.1466030989272946,872
logistic_sigmoid,0.29000000000000004,10068,597,0.05929678188319428,0.6496695107429269,0.9786197379039638,0.028495816769245563,0.08614199611203872,0.5836341756919374,0.8123953098827471,485,346,112,9125,60,60,0,1.0,9.182712505555555,9.46835525,99,25,0.7474747474747475,6.991666666666666,3.5756853396901076,831
logistic_sigmoid,0.31,10068,597,0.05929678188319428,0.6496695107429269,0.9786197379039638,0.028495816769245563,0.08614199611203872,0.5885286783042394,0.7906197654941374,472,330,125,9141,60,60,0,1.0,9.16604583888889,9.46835525,97,21,0.7835051546391752,6.991666666666666,3.0035756853396904,802
logistic_sigmoid,0.33,10068,597,0.05929678188319428,0.6496695107429269,0.9786197379039638,0.028495816769245563,0.08614199611203872,0.6020942408376964,0.7705192629815746,460,304,137,9167,60,60,0,1.0,9.132712505555556,9.46835525,100,24,0.76,6.991666666666666,3.432657926102503,764
logistic_sigmoid,0.35000000000000003,10068,597,0.05929678188319428,0.6496695107429269,0.9786197379039638,0.028495816769245563,0.08614199611203872,0.6084583901773534,0.7470686767169179,446,287,151,9184,60,58,2,0.9666666666666667,9.191854447413792,9.46835525,98,22,0.7755102040816326,6.991666666666666,3.1466030989272946,733
logistic_sigmoid,0.37,10068,597,0.05929678188319428,0.6496695107429269,0.9786197379039638,0.028495816769245563,0.08614199611203872,0.6148359486447932,0.7219430485762144,431,270,166,9201,60,58,2,0.9666666666666667,9.157371688793104,9.46835525,99,20,0.797979797979798,6.991666666666666,2.860548271752086,701
logistic_sigmoid,0.39,10068,597,0.05929678188319428,0.6496695107429269,0.9786197379039638,0.028495816769245563,0.08614199611203872,0.6280487804878049,0.6901172529313233,412,244,185,9227,60,57,3,0.95,9.058537256432748,9.46183135,100,22,0.78,6.991666666666666,3.1466030989272946,656
logistic_sigmoid,0.41000000000000003,10068,597,0.05929678188319428,0.6496695107429269,0.9786197379039638,0.028495816769245563,0.08614199611203872,0.6424050632911392,0.6800670016750419,406,226,191,9245,60,57,3,0.95,9.040993396783625,9.46183135,97,20,0.7938144329896907,6.991666666666666,2.860548271752086,632
logistic_sigmoid,0.43,10068,597,0.05929678188319428,0.6496695107429269,0.9786197379039638,0.028495816769245563,0.08614199611203872,0.6505016722408027,0.6515912897822446,389,209,208,9262,60,57,3,0.95,8.953274098538012,9.452034433333333,95,20,0.7894736842105263,6.991666666666666,2.860548271752086,598
logistic_sigmoid,0.45,10068,597,0.05929678188319428,0.6496695107429269,0.9786197379039638,0.028495816769245563,0.08614199611203872,0.6518650088809946,0.6147403685092128,367,196,230,9275,60,56,4,0.9333333333333333,8.725114113988095,9.38259295,97,19,0.8041237113402062,6.991666666666666,2.7175208581644816,563
logistic_sigmoid,0.47000000000000003,10068,597,0.05929678188319428,0.6496695107429269,0.9786197379039638,0.028495816769245563,0.08614199611203872,0.6541353383458647,0.5829145728643216,348,184,249,9287,60,55,5,0.9166666666666666,8.722391306363635,9.286178516666666,93,19,0.7956989247311828,6.991666666666666,2.7175208581644816,532
logistic_sigmoid,0.49,10068,597,0.05929678188319428,0.6496695107429269,0.9786197379039638,0.028495816769245563,0.08614199611203872,0.6586345381526104,0.5494137353433836,328,170,269,9301,60,55,5,0.9166666666666666,8.486027669999999,9.286178516666666,98,19,0.8061224489795918,6.991666666666666,2.7175208581644816,498
logistic_sigmoid,0.51,10068,597,0.05929678188319428,0.6496695107429269,0.9786197379039638,0.028495816769245563,0.08614199611203872,0.6645435244161358,0.52428810720268,313,158,284,9313,60,55,5,0.9166666666666666,8.413300397272726,9.2859865,97,21,0.7835051546391752,6.991666666666666,3.0035756853396904,471
logistic_sigmoid,0.53,10068,597,0.05929678188319428,0.6496695107429269,0.9786197379039638,0.028495816769245563,0.08614199611203872,0.6636363636363637,0.48911222780569513,292,148,305,9323,60,54,6,0.9,8.400999577160492,9.278228591666668,95,22,0.7684210526315789,6.991666666666666,3.1466030989272946,440
logistic_sigmoid,0.55,10068,597,0.05929678188319428,0.6496695107429269,0.9786197379039638,0.028495816769245563,0.08614199611203872,0.6714975845410628,0.4656616415410385,278,136,319,9335,60,53,7,0.8833333333333333,8.059982981446542,9.270470683333334,92,22,0.7608695652173914,6.991666666666666,3.1466030989272946,414
logistic_sigmoid,0.5700000000000001,10068,597,0.05929678188319428,0.6496695107429269,0.9786197379039638,0.028495816769245563,0.08614199611203872,0.675392670157068,0.4321608040201005,258,124,339,9347,60,50,10,0.8333333333333334,8.175907041333334,9.259722208333335,88,21,0.7613636363636364,6.991666666666666,3.0035756853396904,382
logistic_sigmoid,0.59,10068,597,0.05929678188319428,0.6496695107429269,0.9786197379039638,0.028495816769245563,0.08614199611203872,0.6905444126074498,0.4036850921273032,241,108,356,9363,60,50,10,0.8333333333333334,8.095907041333334,9.259722208333335,86,18,0.7906976744186046,6.991666666666666,2.5744934445768775,349
logistic_sigmoid,0.61,10068,597,0.05929678188319428,0.6496695107429269,0.9786197379039638,0.028495816769245563,0.08614199611203872,0.6925566343042071,0.35845896147403683,214,95,383,9376,60,45,15,0.75,7.9904665862962965,9.20353115,84,22,0.7380952380952381,6.991666666666666,3.1466030989272946,309
logistic_sigmoid,0.63,10068,597,0.05929678188319428,0.6496695107429269,0.9786197379039638,0.028495816769245563,0.08614199611203872,0.6827586206896552,0.3316582914572864,198,92,399,9379,60,41,19,0.6833333333333333,8.11718426707317,9.270470683333334,77,20,0.7402597402597403,6.991666666666666,2.860548271752086,290
logistic_sigmoid,0.65,10068,597,0.05929678188319428,0.6496695107429269,0.9786197379039638,0.028495816769245563,0.08614199611203872,0.688212927756654,0.30318257956448913,181,82,416,9389,60,39,21,0.65,7.921498019230769,9.248973733333335,72,17,0.7638888888888888,6.991666666666666,2.4314660309892733,263
logistic_sigmoid,0.67,10068,597,0.05929678188319428,0.6496695107429269,0.9786197379039638,0.028495816769245563,0.08614199611203872,0.6816326530612244,0.2797319932998325,167,78,430,9393,60,37,23,0.6166666666666667,7.859803800900901,9.248973733333335,67,17,0.746268656716418,6.991666666666666,2.4314660309892733,245
logistic_sigmoid,0.6900000000000001,10068,597,0.05929678188319428,0.6496695107429269,0.9786197379039638,0.028495816769245563,0.08614199611203872,0.7027027027027027,0.2613065326633166,156,66,441,9405,60,34,26,0.5666666666666667,8.11441807745098,9.278324600000001,61,13,0.7868852459016393,6.991666666666666,1.859356376638856,222
logistic_sigmoid,0.7100000000000001,10068,597,0.05929678188319428,0.6496695107429269,0.9786197379039638,0.028495816769245563,0.08614199611203872,0.714975845410628,0.24790619765494137,148,59,449,9412,60,31,29,0.5166666666666667,8.567604960215055,9.313151466666666,53,10,0.8113207547169812,6.991666666666666,1.430274135876043,207
logistic_sigmoid,0.73,10068,597,0.05929678188319428,0.6496695107429269,0.9786197379039638,0.028495816769245563,0.08614199611203872,0.7157894736842105,0.22780569514237856,136,54,461,9417,60,31,29,0.5166666666666667,8.503088831182797,9.286178516666666,49,7,0.8571428571428571,6.991666666666666,1.0011918951132301,190
logistic_sigmoid,0.75,10068,597,0.05929678188319428,0.6496695107429269,0.9786197379039638,0.028495816769245563,0.08614199611203872,0.7361963190184049,0.20100502512562815,120,43,477,9428,60,28,32,0.4666666666666667,8.760300738690475,9.278324600000001,46,9,0.8043478260869565,6.991666666666666,1.2872467222884387,163
logistic_sigmoid,0.77,10068,597,0.05929678188319428,0.6496695107429269,0.9786197379039638,0.028495816769245563,0.08614199611203872,0.7342657342657343,0.17587939698492464,105,38,492,9433,60,26,34,0.43333333333333335,8.328482001282051,9.259722208333335,43,10,0.7674418604651163,6.991666666666666,1.430274135876043,143
logistic_sigmoid,0.79,10068,597,0.05929678188319428,0.6496695107429269,0.9786197379039638,0.028495816769245563,0.08614199611203872,0.7094017094017094,0.1390284757118928,83,34,514,9437,60,24,36,0.4,8.129266558333333,9.176506808333333,35,8,0.7714285714285715,6.991666666666666,1.1442193087008343,117
logistic_sigmoid,0.81,10068,597,0.05929678188319428,0.6496695107429269,0.9786197379039638,0.028495816769245563,0.08614199611203872,0.7184466019417476,0.12395309882747069,74,29,523,9442,60,21,39,0.35,8.099585022222223,9.248973733333335,32,8,0.75,6.991666666666666,1.1442193087008343,103
logistic_sigmoid,0.8300000000000001,10068,597,0.05929678188319428,0.6496695107429269,0.9786197379039638,0.028495816769245563,0.08614199611203872,0.6976744186046512,0.10050251256281408,60,26,537,9445,60,19,41,0.31666666666666665,7.788320160526316,9.042721199999999,29,8,0.7241379310344828,6.991666666666666,1.1442193087008343,86
logistic_sigmoid,0.85,10068,597,0.05929678188319428,0.6496695107429269,0.9786197379039638,0.028495816769245563,0.08614199611203872,0.72,0.09045226130653267,54,21,543,9450,60,17,43,0.2833333333333333,7.887071267647059,9.20353115,28,7,0.75,6.991666666666666,1.0011918951132301,75
logistic_sigmoid,0.87,10068,597,0.05929678188319428,0.6496695107429269,0.9786197379039638,0.028495816769245563,0.08614199611203872,0.7413793103448276,0.07202680067001675,43,15,554,9456,60,15,45,0.25,8.02223187111111,9.20353115,21,4,0.8095238095238095,6.991666666666666,0.5721096543504172,58
logistic_sigmoid,0.89,10068,597,0.05929678188319428,0.6496695107429269,0.9786197379039638,0.028495816769245563,0.08614199611203872,0.7272727272727273,0.05360134003350084,32,12,565,9459,60,11,49,0.18333333333333332,8.526257716666665,9.270470683333334,13,2,0.8461538461538461,6.991666666666666,0.2860548271752086,44
logistic_sigmoid,0.91,10068,597,0.05929678188319428,0.6496695107429269,0.9786197379039638,0.028495816769245563,0.08614199611203872,0.71875,0.038525963149078725,23,9,574,9462,60,8,52,0.13333333333333333,9.083655462500001,9.619963583333334,11,2,0.8181818181818182,6.991666666666666,0.2860548271752086,32
logistic_sigmoid,0.93,10068,597,0.05929678188319428,0.6496695107429269,0.9786197379039638,0.028495816769245563,0.08614199611203872,0.7307692307692307,0.031825795644891124,19,7,578,9464,60,8,52,0.13333333333333333,8.833655462500001,9.404139958333333,11,3,0.7272727272727273,6.991666666666666,0.42908224076281287,26
logistic_sigmoid,0.9500000000000001,10068,597,0.05929678188319428,0.6496695107429269,0.9786197379039638,0.028495816769245563,0.08614199611203872,0.6666666666666666,0.01675041876046901,10,5,587,9466,60,5,55,0.08333333333333333,8.799402859999999,9.604748766666667,7,2,0.7142857142857143,6.991666666666666,0.2860548271752086,15
logistic_sigmoid,0.97,10068,597,0.05929678188319428,0.6496695107429269,0.9786197379039638,0.028495816769245563,0.08614199611203872,0.75,0.010050251256281407,6,2,591,9469,60,3,57,0.05,7.729578127777778,8.635178400000001,4,1,0.75,6.991666666666666,0.1430274135876043,8
logistic_sigmoid,0.99,10068,597,0.05929678188319428,0.6496695107429269,0.9786197379039638,0.028495816769245563,0.08614199611203872,1.0,0.0016750418760469012,1,0,596,9471,60,1,59,0.016666666666666666,7.6351784,7.6351784,1,0,1.0,6.991666666666666,0.0,1
logistic_sigmoid,1.0,10068,597,0.05929678188319428,0.6496695107429269,0.9786197379039638,0.028495816769245563,0.08614199611203872,,0.0,0,0,597,9471,60,0,60,0.0,,,0,0,,6.991666666666666,0.0,0
prevalence_raw,0.0,10068,597,0.05929678188319428,0.05929678188319428,0.5,0.05579126694139416,0.22512654516946384,0.05929678188319428,1.0,597,9471,0,0,60,60,0,1.0,9.482712505555556,9.510705399999999,12,0,1.0,6.991666666666666,0.0,10068
prevalence_raw,0.01,10068,597,0.05929678188319428,0.05929678188319428,0.5,0.05579126694139416,0.22512654516946384,0.05929678188319428,1.0,597,9471,0,0,60,60,0,1.0,9.482712505555556,9.510705399999999,12,0,1.0,6.991666666666666,0.0,10068
prevalence_raw,0.03,10068,597,0.05929678188319428,0.05929678188319428,0.5,0.05579126694139416,0.22512654516946384,0.05929678188319428,1.0,597,9471,0,0,60,60,0,1.0,9.482712505555556,9.510705399999999,12,0,1.0,6.991666666666666,0.0,10068
prevalence_raw,0.05,10068,597,0.05929678188319428,0.05929678188319428,0.5,0.05579126694139416,0.22512654516946384,0.05929678188319428,1.0,597,9471,0,0,60,60,0,1.0,9.482712505555556,9.510705399999999,12,0,1.0,6.991666666666666,0.0,10068
prevalence_raw,0.06999999999999999,10068,597,0.05929678188319428,0.05929678188319428,0.5,0.05579126694139416,0.22512654516946384,,0.0,0,0,597,9471,60,0,60,0.0,,,0,0,,6.991666666666666,0.0,0
prevalence_raw,0.09,10068,597,0.05929678188319428,0.05929678188319428,0.5,0.05579126694139416,0.22512654516946384,,0.0,0,0,597,9471,60,0,60,0.0,,,0,0,,6.991666666666666,0.0,0
prevalence_raw,0.11,10068,597,0.05929678188319428,0.05929678188319428,0.5,0.05579126694139416,0.22512654516946384,,0.0,0,0,597,9471,60,0,60,0.0,,,0,0,,6.991666666666666,0.0,0
prevalence_raw,0.13,10068,597,0.05929678188319428,0.05929678188319428,0.5,0.05579126694139416,0.22512654516946384,,0.0,0,0,597,9471,60,0,60,0.0,,,0,0,,6.991666666666666,0.0,0
prevalence_raw,0.15000000000000002,10068,597,0.05929678188319428,0.05929678188319428,0.5,0.05579126694139416,0.22512654516946384,,0.0,0,0,597,9471,60,0,60,0.0,,,0,0,,6.991666666666666,0.0,0
prevalence_raw,0.17,10068,597,0.05929678188319428,0.05929678188319428,0.5,0.05579126694139416,0.22512654516946384,,0.0,0,0,597,9471,60,0,60,0.0,,,0,0,,6.991666666666666,0.0,0
prevalence_raw,0.19,10068,597,0.05929678188319428,0.05929678188319428,0.5,0.05579126694139416,0.22512654516946384,,0.0,0,0,597,9471,60,0,60,0.0,,,0,0,,6.991666666666666,0.0,0
prevalence_raw,0.21000000000000002,10068,597,0.05929678188319428,0.05929678188319428,0.5,0.05579126694139416,0.22512654516946384,,0.0,0,0,597,9471,60,0,60,0.0,,,0,0,,6.991666666666666,0.0,0
prevalence_raw,0.23,10068,597,0.05929678188319428,0.05929678188319428,0.5,0.05579126694139416,0.22512654516946384,,0.0,0,0,597,9471,60,0,60,0.0,,,0,0,,6.991666666666666,0.0,0
prevalence_raw,0.25,10068,597,0.05929678188319428,0.05929678188319428,0.5,0.05579126694139416,0.22512654516946384,,0.0,0,0,597,9471,60,0,60,0.0,,,0,0,,6.991666666666666,0.0,0
prevalence_raw,0.27,10068,597,0.05929678188319428,0.05929678188319428,0.5,0.05579126694139416,0.22512654516946384,,0.0,0,0,597,9471,60,0,60,0.0,,,0,0,,6.991666666666666,0.0,0
prevalence_raw,0.29000000000000004,10068,597,0.05929678188319428,0.05929678188319428,0.5,0.05579126694139416,0.22512654516946384,,0.0,0,0,597,9471,60,0,60,0.0,,,0,0,,6.991666666666666,0.0,0
prevalence_raw,0.31,10068,597,0.05929678188319428,0.05929678188319428,0.5,0.05579126694139416,0.22512654516946384,,0.0,0,0,597,9471,60,0,60,0.0,,,0,0,,6.991666666666666,0.0,0
prevalence_raw,0.33,10068,597,0.05929678188319428,0.05929678188319428,0.5,0.05579126694139416,0.22512654516946384,,0.0,0,0,597,9471,60,0,60,0.0,,,0,0,,6.991666666666666,0.0,0
prevalence_raw,0.35000000000000003,10068,597,0.05929678188319428,0.05929678188319428,0.5,0.05579126694139416,0.22512654516946384,,0.0,0,0,597,9471,60,0,60,0.0,,,0,0,,6.991666666666666,0.0,0
prevalence_raw,0.37,10068,597,0.05929678188319428,0.05929678188319428,0.5,0.05579126694139416,0.22512654516946384,,0.0,0,0,597,9471,60,0,60,0.0,,,0,0,,6.991666666666666,0.0,0
prevalence_raw,0.39,10068,597,0.05929678188319428,0.05929678188319428,0.5,0.05579126694139416,0.22512654516946384,,0.0,0,0,597,9471,60,0,60,0.0,,,0,0,,6.991666666666666,0.0,0
prevalence_raw,0.41000000000000003,10068,597,0.05929678188319428,0.05929678188319428,0.5,0.05579126694139416,0.22512654516946384,,0.0,0,0,597,9471,60,0,60,0.0,,,0,0,,6.991666666666666,0.0,0
prevalence_raw,0.43,10068,597,0.05929678188319428,0.05929678188319428,0.5,0.05579126694139416,0.22512654516946384,,0.0,0,0,597,9471,60,0,60,0.0,,,0,0,,6.991666666666666,0.0,0
prevalence_raw,0.45,10068,597,0.05929678188319428,0.05929678188319428,0.5,0.05579126694139416,0.22512654516946384,,0.0,0,0,597,9471,60,0,60,0.0,,,0,0,,6.991666666666666,0.0,0
prevalence_raw,0.47000000000000003,10068,597,0.05929678188319428,0.05929678188319428,0.5,0.05579126694139416,0.22512654516946384,,0.0,0,0,597,9471,60,0,60,0.0,,,0,0,,6.991666666666666,0.0,0
prevalence_raw,0.49,10068,597,0.05929678188319428,0.05929678188319428,0.5,0.05579126694139416,0.22512654516946384,,0.0,0,0,597,9471,60,0,60,0.0,,,0,0,,6.991666666666666,0.0,0
prevalence_raw,0.51,10068,597,0.05929678188319428,0.05929678188319428,0.5,0.05579126694139416,0.22512654516946384,,0.0,0,0,597,9471,60,0,60,0.0,,,0,0,,6.991666666666666,0.0,0
prevalence_raw,0.53,10068,597,0.05929678188319428,0.05929678188319428,0.5,0.05579126694139416,0.22512654516946384,,0.0,0,0,597,9471,60,0,60,0.0,,,0,0,,6.991666666666666,0.0,0
prevalence_raw,0.55,10068,597,0.05929678188319428,0.05929678188319428,0.5,0.05579126694139416,0.22512654516946384,,0.0,0,0,597,9471,60,0,60,0.0,,,0,0,,6.991666666666666,0.0,0
prevalence_raw,0.5700000000000001,10068,597,0.05929678188319428,0.05929678188319428,0.5,0.05579126694139416,0.22512654516946384,,0.0,0,0,597,9471,60,0,60,0.0,,,0,0,,6.991666666666666,0.0,0
prevalence_raw,0.59,10068,597,0.05929678188319428,0.05929678188319428,0.5,0.05579126694139416,0.22512654516946384,,0.0,0,0,597,9471,60,0,60,0.0,,,0,0,,6.991666666666666,0.0,0
prevalence_raw,0.61,10068,597,0.05929678188319428,0.05929678188319428,0.5,0.05579126694139416,0.22512654516946384,,0.0,0,0,597,9471,60,0,60,0.0,,,0,0,,6.991666666666666,0.0,0
prevalence_raw,0.63,10068,597,0.05929678188319428,0.05929678188319428,0.5,0.05579126694139416,0.22512654516946384,,0.0,0,0,597,9471,60,0,60,0.0,,,0,0,,6.991666666666666,0.0,0
prevalence_raw,0.65,10068,597,0.05929678188319428,0.05929678188319428,0.5,0.05579126694139416,0.22512654516946384,,0.0,0,0,597,9471,60,0,60,0.0,,,0,0,,6.991666666666666,0.0,0
prevalence_raw,0.67,10068,597,0.05929678188319428,0.05929678188319428,0.5,0.05579126694139416,0.22512654516946384,,0.0,0,0,597,9471,60,0,60,0.0,,,0,0,,6.991666666666666,0.0,0
prevalence_raw,0.6900000000000001,10068,597,0.05929678188319428,0.05929678188319428,0.5,0.05579126694139416,0.22512654516946384,,0.0,0,0,597,9471,60,0,60,0.0,,,0,0,,6.991666666666666,0.0,0
prevalence_raw,0.7100000000000001,10068,597,0.05929678188319428,0.05929678188319428,0.5,0.05579126694139416,0.22512654516946384,,0.0,0,0,597,9471,60,0,60,0.0,,,0,0,,6.991666666666666,0.0,0
prevalence_raw,0.73,10068,597,0.05929678188319428,0.05929678188319428,0.5,0.05579126694139416,0.22512654516946384,,0.0,0,0,597,9471,60,0,60,0.0,,,0,0,,6.991666666666666,0.0,0
prevalence_raw,0.75,10068,597,0.05929678188319428,0.05929678188319428,0.5,0.05579126694139416,0.22512654516946384,,0.0,0,0,597,9471,60,0,60,0.0,,,0,0,,6.991666666666666,0.0,0
prevalence_raw,0.77,10068,597,0.05929678188319428,0.05929678188319428,0.5,0.05579126694139416,0.22512654516946384,,0.0,0,0,597,9471,60,0,60,0.0,,,0,0,,6.991666666666666,0.0,0
prevalence_raw,0.79,10068,597,0.05929678188319428,0.05929678188319428,0.5,0.05579126694139416,0.22512654516946384,,0.0,0,0,597,9471,60,0,60,0.0,,,0,0,,6.991666666666666,0.0,0
prevalence_raw,0.81,10068,597,0.05929678188319428,0.05929678188319428,0.5,0.05579126694139416,0.22512654516946384,,0.0,0,0,597,9471,60,0,60,0.0,,,0,0,,6.991666666666666,0.0,0
prevalence_raw,0.8300000000000001,10068,597,0.05929678188319428,0.05929678188319428,0.5,0.05579126694139416,0.22512654516946384,,0.0,0,0,597,9471,60,0,60,0.0,,,0,0,,6.991666666666666,0.0,0
prevalence_raw,0.85,10068,597,0.05929678188319428,0.05929678188319428,0.5,0.05579126694139416,0.22512654516946384,,0.0,0,0,597,9471,60,0,60,0.0,,,0,0,,6.991666666666666,0.0,0
prevalence_raw,0.87,10068,597,0.05929678188319428,0.05929678188319428,0.5,0.05579126694139416,0.22512654516946384,,0.0,0,0,597,9471,60,0,60,0.0,,,0,0,,6.991666666666666,0.0,0
prevalence_raw,0.89,10068,597,0.05929678188319428,0.05929678188319428,0.5,0.05579126694139416,0.22512654516946384,,0.0,0,0,597,9471,60,0,60,0.0,,,0,0,,6.991666666666666,0.0,0
prevalence_raw,0.91,10068,597,0.05929678188319428,0.05929678188319428,0.5,0.05579126694139416,0.22512654516946384,,0.0,0,0,597,9471,60,0,60,0.0,,,0,0,,6.991666666666666,0.0,0
prevalence_raw,0.93,10068,597,0.05929678188319428,0.05929678188319428,0.5,0.05579126694139416,0.22512654516946384,,0.0,0,0,597,9471,60,0,60,0.0,,,0,0,,6.991666666666666,0.0,0
prevalence_raw,0.9500000000000001,10068,597,0.05929678188319428,0.05929678188319428,0.5,0.05579126694139416,0.22512654516946384,,0.0,0,0,597,9471,60,0,60,0.0,,,0,0,,6.991666666666666,0.0,0
prevalence_raw,0.97,10068,597,0.05929678188319428,0.05929678188319428,0.5,0.05579126694139416,0.22512654516946384,,0.0,0,0,597,9471,60,0,60,0.0,,,0,0,,6.991666666666666,0.0,0
prevalence_raw,0.99,10068,597,0.05929678188319428,0.05929678188319428,0.5,0.05579126694139416,0.22512654516946384,,0.0,0,0,597,9471,60,0,60,0.0,,,0,0,,6.991666666666666,0.0,0
prevalence_raw,1.0,10068,597,0.05929678188319428,0.05929678188319428,0.5,0.05579126694139416,0.22512654516946384,,0.0,0,0,597,9471,60,0,60,0.0,,,0,0,,6.991666666666666,0.0,0
