incident_id,incident_type,phase,rows,request_rate_rps,latency_p95_ms,error_rate,cpu_utilisation_pct,memory_utilisation_pct,dependency_latency_ms
incident-0006,memory_leak,baseline,20,67.45907078219705,270.33671278455677,0.0012064752690792247,39.30236173437568,50.81400672833283,38.644489796165594
incident-0006,memory_leak,precursor,25,63.430530734374415,277.5677737687957,0.0025587125519112774,36.89347281583626,67.53393448535385,38.114544265782904
incident-0006,memory_leak,active,30,65.23498887997098,841.13367915034,0.06376372904993613,37.453373954470216,97.94307832790125,37.83354829787993
incident-0006,memory_leak,recovery,20,68.00298324655242,408.35634736492136,0.017704952555740627,38.2983873068289,76.16015568798451,37.827465473505825
incident-0006,memory_leak,post_recovery,20,63.506214686923805,261.8470281196511,0.0009358025222561556,36.767705443727245,49.8003873546686,37.19544924014222
incident-0001,database_degradation,baseline,20,96.78943899276865,277.23725017639356,0.0010255995718342578,47.304491751625584,51.29254268311689,39.48843668512977
incident-0001,database_degradation,precursor,25,93.27221879805228,422.4794850773993,0.006153708259593185,45.98512345510011,50.82826408750842,117.95235020118142
incident-0001,database_degradation,active,30,92.48148054502323,683.8054166115305,0.030910557498575297,45.89313336742742,50.78164158837445,254.97426735924418
incident-0001,database_degradation,recovery,20,96.95886940568879,493.83804618948113,0.012581674581964094,47.46391164006436,50.273820595251244,154.38524728974227
incident-0001,database_degradation,post_recovery,20,85.14275625201728,278.78956957341336,0.0013556924650040525,43.41822945719458,50.88710650539047,39.233924539681325
incident-0000,cpu_saturation,baseline,20,80.3073297600153,143.6050986343833,0.0011015351279934174,45.061615965557785,44.37379432402015,22.29358326017581
incident-0000,cpu_saturation,precursor,25,77.59926829337998,248.05396738609682,0.024409374019579762,70.40300236120424,44.268596405672085,21.944199992408894
incident-0000,cpu_saturation,active,30,81.57508157015758,706.3030577237528,0.10598280530629575,99.98027318420601,46.13176939803088,22.08765540975882
incident-0000,cpu_saturation,recovery,20,77.51370177826576,408.23184006697556,0.05149307356162859,79.76778182625884,44.46727024609773,22.23650557799334
incident-0000,cpu_saturation,post_recovery,20,76.5569235772189,142.24011656106882,0.0010640143346634422,44.59018559742684,45.1655468340183,22.189140050760464
incident-0004,traffic_overload,baseline,20,85.3873535729832,186.68205108352507,0.0011089288965086329,37.50379393273053,46.589737706858706,32.600396922452525
incident-0004,traffic_overload,precursor,25,184.23086065483832,343.22409577806496,0.021945886901662482,61.38182644869072,48.76838751618804,35.478805043651306
incident-0004,traffic_overload,active,30,294.8611168519991,1036.3483402271265,0.11097838200079223,89.55138791158252,52.88529865900102,39.2221926436953
incident-0004,traffic_overload,recovery,20,206.10602231487002,415.332534375896,0.03203115742897334,67.71900766304243,49.64153103901104,36.099717565120045
incident-0004,traffic_overload,post_recovery,20,85.14740470870686,185.85657025532007,0.00092098393833463,38.32546517159608,46.824335092075614,33.173176848525
