incident_id,service_id,incident_type,precursor_start,incident_start,incident_end,recovery_end,severity
incident-0000,auth-service,cpu_saturation,2026-01-05 04:29:37.074193596+00:00,2026-01-05 04:54:37.074193596+00:00,2026-01-05 05:24:37.074193596+00:00,2026-01-05 05:44:37.074193596+00:00,1.1283688527950846
incident-0001,search-service,database_degradation,2026-01-05 08:17:37.205288514+00:00,2026-01-05 08:42:37.205288514+00:00,2026-01-05 09:12:37.205288514+00:00,2026-01-05 09:32:37.205288514+00:00,0.8728013639126064
incident-0002,catalog-service,cpu_saturation,2026-01-05 10:05:56.359172537+00:00,2026-01-05 10:30:56.359172537+00:00,2026-01-05 11:00:56.359172537+00:00,2026-01-05 11:20:56.359172537+00:00,1.105401087436344
incident-0003,api-gateway,database_degradation,2026-01-05 10:45:57.330165954+00:00,2026-01-05 11:10:57.330165954+00:00,2026-01-05 11:40:57.330165954+00:00,2026-01-05 12:00:57.330165954+00:00,0.9427955228842433
incident-0004,catalog-service,traffic_overload,2026-01-05 13:56:40.637855926+00:00,2026-01-05 14:21:40.637855926+00:00,2026-01-05 14:51:40.637855926+00:00,2026-01-05 15:11:40.637855926+00:00,1.0234502694304581
incident-0005,auth-service,traffic_overload,2026-01-05 17:45:15.817782819+00:00,2026-01-05 18:10:15.817782819+00:00,2026-01-05 18:40:15.817782819+00:00,2026-01-05 19:00:15.817782819+00:00,0.8741494016979706
incident-0006,search-service,memory_leak,2026-01-05 19:22:27.927204023+00:00,2026-01-05 19:47:27.927204023+00:00,2026-01-05 20:17:27.927204023+00:00,2026-01-05 20:37:27.927204023+00:00,1.078815045123432
incident-0007,api-gateway,traffic_overload,2026-01-05 22:47:47.618679040+00:00,2026-01-05 23:12:47.618679040+00:00,2026-01-05 23:42:47.618679040+00:00,2026-01-06 00:02:47.618679040+00:00,0.9025283738661254
incident-0008,catalog-service,memory_leak,2026-01-06 01:50:58.273367041+00:00,2026-01-06 02:15:58.273367041+00:00,2026-01-06 02:45:58.273367041+00:00,2026-01-06 03:05:58.273367041+00:00,1.0175905794754427
incident-0009,search-service,cpu_saturation,2026-01-06 07:11:06.016680737+00:00,2026-01-06 07:36:06.016680737+00:00,2026-01-06 08:06:06.016680737+00:00,2026-01-06 08:26:06.016680737+00:00,0.8553645372556374
incident-0010,auth-service,memory_leak,2026-01-06 09:47:23.074053516+00:00,2026-01-06 10:12:23.074053516+00:00,2026-01-06 10:42:23.074053516+00:00,2026-01-06 11:02:23.074053516+00:00,0.8543763709284161
incident-0011,api-gateway,memory_leak,2026-01-06 10:27:58.613017874+00:00,2026-01-06 10:52:58.613017874+00:00,2026-01-06 11:22:58.613017874+00:00,2026-01-06 11:42:58.613017874+00:00,1.0756100434068445
incident-0012,api-gateway,cpu_saturation,2026-01-06 13:15:13.722637502+00:00,2026-01-06 13:40:13.722637502+00:00,2026-01-06 14:10:13.722637502+00:00,2026-01-06 14:30:13.722637502+00:00,0.9650026144466225
incident-0013,catalog-service,database_degradation,2026-01-06 18:59:25.524783970+00:00,2026-01-06 19:24:25.524783970+00:00,2026-01-06 19:54:25.524783970+00:00,2026-01-06 20:14:25.524783970+00:00,1.0829055328890318
incident-0014,auth-service,database_degradation,2026-01-06 19:12:02.489987006+00:00,2026-01-06 19:37:02.489987006+00:00,2026-01-06 20:07:02.489987006+00:00,2026-01-06 20:27:02.489987006+00:00,1.0024538537387557
incident-0015,search-service,traffic_overload,2026-01-06 20:41:21.612832008+00:00,2026-01-06 21:06:21.612832008+00:00,2026-01-06 21:36:21.612832008+00:00,2026-01-06 21:56:21.612832008+00:00,1.054359658340516
